majorSeq,major,interest,property,schoolName,공통과목,일반선택과목,진로선택과목,lClass,class_type
11,건강관리학과,기본적으로 스포츠를 좋아하고 체육 교과목에 대한 관심이 있어야 합니다. 관심있는 스포츠 종목에 대한 지식과 다양한 기술을 알고 있어야 적절한 판단을 할 수 있습니다. 고객의 상태나 특성을 빠르게 분석하고 올바른 판단을 할 수 있는 능력이 요구됩니다.,"운동은 의학적인 효과를 입증 받고 있고, 국가에서도 국민의 건강과 삶의 질 향상을 위해 운동이 적극 권장되고 있습니다. 지역사회는 물론 국가차원에서도 건강증진을 위한 과학적인 운동방법(운동처방)에 대한 요구와 수요가 점점 많아지고 있습니다. 과도한 운동이나 잘못된 방식의 운동은 오히려 우리 몸에 해가될 수 있습니다. 올바른 자세로 적정한 운동을 하도록 지도하는 일은 건강관리학을 전공한 전문가의 몫입니다.
",경희사이버대학교,"체육, 윤리","체육교과 : 체육, 운동과 건강<br>사회교과 : 생활과 윤리, 윤리와 사상<br>교양교과 : 철학, 심리학, 교육학","스포츠 생활, 체육 탐구",예체능계열,예체능계열
10041,경호학과,"신체가 건강하고 의협심이 강한 사람에게 적합합니다. 운동신경이 좋아야 하며, 정확한 판단력과 순발력이 있어야 합니다. 남에 대한 배려, 리더십, 분석적 사고 등도 중요합니다. 무도 중심의 과목들만 배울 뿐만 아니라 이론과목도 공부하므로 사회과학 분야에 대한 지식도 필요합니다.","사회가 개방화, 도시화, 과학화되고 정보통신이 발달하면서 과거 어느 때보다 복잡해지고 있으며, 이로 인해 각종 범죄가 증가하고 있습니다. 또, 전 세계적으로 경호의 영역이 첨단기계 경비 및 인텔리전트 빌딩 등의 관리와 각종 재해 방지로 확대되면서경호학과의 중요성이 날로 커지고 있습니다.",동서대학교,"체육, 윤리","체육교과 : 체육, 운동과 건강<br>사회교과 : 생활과 윤리, 윤리와 사상<br>교양교과 : 철학, 심리학, 교육학","스포츠 생활, 체육 탐구",예체능계열,예체능계열
34,공업디자인학과,예술적 안목이 있고 미적 감각과 감수성이 좋고 표현력이 우수한 사람들에게 적합한 전공입니다. 새로운 아이디어를 이끌어낼 수 있는 호기심과 관찰력이 중요합니다. 산업계의 변화 트렌드를 읽을 수 있어야 하고 디자인을 산업 기기에 적용할 수 있는 능력이 있어야 합니다.,"우수한 공업디자인의 결과물은 사용자 개인에게는 만족감을 주고 보다 편리하게 사용을 할 수 있도록 합니다. 기업에게는 이익을 높이고 기업 이미지를 높일 수 있는 효과를 가져 오고, 국가 사회적 차원으로는 국가경쟁력과 문화수준을 높여 줍니다.",국민대학교,"미술, 윤리","예술교과 : 미술<br>사회교과 : 생활과 윤리, 윤리와 사상<br>교양교과 : 철학, 심리학, 교육학","미술 창작, 미술 감상과 비평",예체능계열,예체능계열
39,공예디자인학과,다양한 환경 속에서 기능하는 다양한 생활도구나 조형물을 새로운 시각에서 디자인할 수 있는 자신만의 생각이 있어야 합니다. 새로운 아이디어를 내고 자신만의 색깔이 있는 사람에게 유리한 전공입니다. 최근에는 컴퓨터를 활용하여 디자인을 하는 것이 일반적 추세이어서 디자인 관련 컴퓨터 프로그래밍을 잘 할 수 있어야 합니다. 다양한 공예 소재에 대한 이해가 있어야 하고 생활 속의 공예품을 만들 수 있는 능력이 있어야 합니다. ,‘공예’는 자기가 주도하는 디자이너이자 공예가로 평생을 함께 할 수 있는 전공입니다. 공예를 전공해 익힌 노하우와 능력의 발휘는 기업과 같은 조직에서 디자이너로서 일할 수 있을 뿐만 아니라 언제든 혼자서도 공예가로서 일할 수 있어서 평생 직업으로서의 매력이 큽니다. ,서울과학기술대학교,"미술, 윤리","예술교과 : 미술<br>사회교과 : 생활과 윤리, 윤리와 사상<br>교양교과 : 철학, 심리학, 교육학","미술 창작, 미술 감상과 비평",예체능계열,예체능계열
41,공예학과,예술 분야에 관심이 많고 평소에 어떤 물건이든 만들어 내는 일을 즐겨 하는 사람이라면 흥미롭게 공부할 수 있는 분야입니다. 예술 감각이 필요하며 각종 재료 및 도구를 이용하여 제품을 만들기 때문에 손재주가 있어야 합니다. 또한 훌륭한 공예품을 만들기 위해서는 전문적인 지식과 오랜 숙련된 기술이 필요한데 이것을 이루기 위해서는 상당 기간 숙련을 쌓을수 있는 인내심과 의지력이 필요합니다.,"공예학과는 조형 전반에 대한 이해를 바탕으로 공예의 각 분야를 고루 익힌 후에 도자공예, 목공예, 금속공예 등 세부 전공을 선택하여 공부합니다. 수공방식으로도 생산된다는 점에서 대량생산에만 의존하는 산업디자인과 구분되며, 일상생활과 밀접한 공예품을 제작한다는 점에서 조소와 차이가 있습니다.",동덕여자대학교,"미술, 윤리","예술교과 : 미술<br>사회교과 : 생활과 윤리, 윤리와 사상<br>교양교과 : 철학, 심리학, 교육학","미술 창작, 미술 감상과 비평",예체능계열,예체능계열
49,관현악과,"관현악을 배우고 연주하는 활동 자체를 즐길 수 있는 사람에게 어울리는 전공입니다. 누군가가 원해서가 아니라 자신이 진정으로 원하는 것이 음악이어야 합니다. 다양한 사람들과 잘 어울릴 수 있어야 하고, 자신의 주장을 잘 전달하고 상대방의 이야기를 잘 이해할 수 있어야 합니다.","관현악과는 크게 관악전공과 현악전공으로 나누어집니다. 관악전공은 플루트, 오보에, 클라이넷, 바순, 색소폰의  목관 파트와 호른, 트롬본, 튜바의 금관 파트 그리고 타악기 파트로 구성됩니다. 현악은 바이올린, 비올라, 첼로, 더블 베이스, 하프  전공으로 이루어집니다.
",국민대학교,"음악, 윤리","예술교과 : 음악<br>사회교과 : 생활과 윤리, 윤리와 사상<br>교양교과 : 철학, 심리학, 교육학","음악 연주, 음악 감상과 비평",예체능계열,예체능계열
10140,광고디자인학과,새로운 콘텐츠를 만들 수 있는 창의성을 갖추고 있어야 하고 미적인 감각이 좋은 사람에게 유리합니다. 마케팅과 제품 제조 등에 대한 지식이 요구되며 컴퓨터 멀티미디어 프로그램을 원활하게 다룰 수 있는 능력을 가지고 있어야 합니다.,광고 디자인 분야에서는 이론이나 지식뿐만 아니라 좋은 광고를 만들 수 있는 실무능력이 중요합니다. 전공 공부에 있어서도 이론 수업과 아울러 실습 수업이 중요한 학과입니다.,을지대학교,"미술, 윤리","예술교과 : 미술<br>사회교과 : 생활과 윤리, 윤리와 사상<br>교양교과 : 철학, 심리학, 교육학","미술 창작, 미술 감상과 비평",예체능계열,예체능계열
67,국악학과,"우리 전통 예술을 좋아하며 음악적 감수성이 풍부한 사람에게 적합합니다. 더불어 자신의 전공 악기를 선택해서 충분한 기초 교육을 받고 자신의 전공 분야에 대한 실기 능력을 탄탄히 쌓아야 합니다. 또, 피아노 등 고정 음고 악기를 통한 시창이나 청음 훈련도 중요합니다.","국악학과의 주요 분야는 가야금, 해금, 대금, 피리 등을 연주하는 연주 분야, 가곡과 판소리의 창법을 배우는 성악 분야, 동서양의 음악 이론을 토대로 새로운 국악을 창조하는 국악 작곡 분야가 있습니다. 현재 국악 분야는 전통도 되찾아야 하고 다양한 변신을 통해 세계 속으로 나아가야 합니다. 이렇듯 개척할 일도 많은 만큼 국악의 발전 잠재력은 무궁무진합니다.",동국대학교,"음악, 윤리","예술교과 : 음악<br>사회교과 : 생활과 윤리, 윤리와 사상<br>교양교과 : 철학, 심리학, 교육학","음악 연주, 음악 감상과 비평",예체능계열,예체능계열
78,금속공예학과,금속공예를 전공하려면 정교한 손동작과 섬세함이 필요합니다. 새로운 아이디어로 새로운 공예품을 만들 수 있는 사람에게 적합한 전공입니다. 하나의 금속공예품을 만들려면 긴 시간이 필요해서 인내력과 성실성이 요구됩니다. 금속공예에 관한 지식과 이론을 충분히 습득할 수 있어야 합니다.,"금속공예학과 전공자가 진출할 수 있는 분야가는 다양합니다. 졸업생들이 금속공예가, 장신구작가, 귀금속 디자이너, 생활용품과 문화상품 디자이너, 상품기획과 유통 전문가, 화랑운영자, 큐레이터, 교육자 등으로 많은 졸업생들이 국내ㆍ외에서 활동하고 있습니다.",국민대학교,"미술, 윤리","예술교과 : 미술<br>사회교과 : 생활과 윤리, 윤리와 사상<br>교양교과 : 철학, 심리학, 교육학","미술 창작, 미술 감상과 비평",예체능계열,예체능계열
94,기악과,"감성이 풍부하고 열성적인 사람에게 어울립니다. 하지만 예술적 재능이 중요합니다. 또한 어려서부터 악기를 다루고 항상 꾸준하게 연습해야 하므로 성실성, 인내력이 요구됩니다. 더불어 같은 곡을 같은 악기로 연주해도 연주자에 따라 전혀 다른 곡이 되므로 자신만의 감성으로 곡을 해석하는 능력이 필요합니다.","기악학과는 피아노 전공과 관현악 전공으로 구분됩니다. 관현악 전공은 바이올린, 첼로, 하프 등을 다루는 현악 분야와 플루트, 클라리넷, 호른 등을 연주하는 관악 분야, 그리고 팀파니 등 두드리는 악기 중심의 타악 분야로 분류됩니다. 악기로 다루는 것은많은 시간과 노력이 필요하므로 대부분 악기를 연주하는 사람들은 아주 어릴 때부터 시작하게 됩니다.",경희대학교,"음악, 윤리","예술교과 : 음악<br>사회교과 : 생활과 윤리, 윤리와 사상<br>교양교과 : 철학, 심리학, 교육학","음악 연주, 음악 감상과 비평",예체능계열,예체능계열
121,도자기공예학과,"도자기공예는 인간이 가진 개성, 개별적인 사고와 표현을 중요시합니다. 남과는 다른 자기만의 생각과 창의성이 있는 사람에게 적합합니다. 도자기에 관한 기본의 지식과 좋은 재료의 선별법과 뜨거운 가마에서 굽는 모든 과정까지 단계별 기술과 지식을 익혀야 합니다.","사람에 따라서 도자기 공예를 통하여 인간의 가치와 삶의 방향을 찾을 수 있습니다. 작업 성격에 따라 개인적인 창작도예가로, 전통적인 장인정신이 요구되는 기능적인 도예가로, 미술관의 도예전문 큐레이터, 박물관의 학예연구관 등 산업생활을 할 수 있는 디자이너로서의 도예가로 크게 나누어 활동하고 있습니다.",국민대학교,"미술, 윤리","예술교과 : 미술<br>사회교과 : 생활과 윤리, 윤리와 사상<br>교양교과 : 철학, 심리학, 교육학","미술 창작, 미술 감상과 비평",예체능계열,예체능계열
128,동양화과,그림 그리기 자체를 즐기는 사람에게 어울리는 전공입니다. 자유롭게 생각하고 남과는 다른 아이디어를 낼 수 있는 사람들에게 유리합니다. 자신의 생각을 작품으로 표현할 수 있는 능력을 갖추어야 합니다.,"동양화과는 졸업 후 전공을 살려 다양한 분야로 진출할 수 있습니다. 대표적인 작가활동을 비롯하여 각종 학원과 기관을 통해 미술교육가로서 활동할 수 있으며, 미술 이론가로서 능력을 발휘할 수도 있습니다. 미술관 큐레이터, 박물관 학예연구사 등 미술행정 분야에도 진출할 수 있습니다. 또 동양화의 감성과 기법을 살려 일러스트, 의상디자인, 애니메이션 등 응용분야에서도 활동할 수 있습니다.",덕성여자대학교,"미술, 윤리","예술교과 : 미술<br>사회교과 : 생활과 윤리, 윤리와 사상<br>교양교과 : 철학, 심리학, 교육학","미술 창작, 미술 감상과 비평",예체능계열,예체능계열
10149,디자인학과,"평상시 미술, 음악 등 예술 작품을 좋아하고, 자신의 생각을 시각적으로 표현하는 것을 즐기는 사람에게 적합합니다. 섬세한 감성을 가지고 새로운 일에 도전하는 성향을 가지고 있는 사람에게 적합합니다. 미적 감각을 지니고, 사람들이 공감할 수 있는 디자인을 독창적으로 제시할 수 있는 창의력이 필요합니다. 사회 변화에 관한 이해를 바탕으로 사람들과 소통하고 팀 작업을 할 수 있어야 합니다. ","디자인은 현대 사회에서 기업과 국가의 경쟁력을 높이는 역할을 하고 있습니다. 같은 기능의 휴대폰이나 자동차라고 하더라도 디자인의 차이로 제품의 경쟁력이 갈리게 됩니다. 디자인은 앞으로 더욱 중요해질 것으로 보입니다. 디자인 관련학과로는 산업디자인학과, 시각디자인학과, 패션디자인학과, 공업디자인학과, 공예디자인학과, 광고디자인학과, 디지털디자인학과 등 다양합니다.",고려사이버대학교,"미술, 윤리","예술교과 : 미술<br>사회교과 : 생활과 윤리, 윤리와 사상<br>교양교과 : 철학, 심리학, 교육학","미술 창작, 미술 감상과 비평",예체능계열,예체능계열
10150,디지털디자인학과,"첨단기술에 관심이 많고 예술적으로 표현하기를 좋아하는 사람에게 적합합니다. 미적 감각, 창의적 사고, 융합적 사고가 요구되며, 도구나 기계를 잘 다루는 것이 중요합니다. 특히 예술적 감각과 프로그래밍 같은 기술을 다룰 줄 알아야 하기 때문에 성실함이 필요합니다.","모션그래픽, 영상편집, CG 등 영상 관련 디자인이 디지털 디자인의 대표적인 분야입니다. 디지털디자인학과는 과학기술의 발전에 따라 범위가 더욱 광범위해지고 있습니다. 과학기술의 급격한 발전과 함께 예술 영역도 확대되고 있습니다. 디지털디자인은 표현방식과 방법이 다른 예술장르에 비해 폭넓고, 다른 예술 분야와 융합할 수 있는 장점을 가지고 있습니다.",동덕여자대학교,"수학, 과학, 예술, 생활ㆍ교양, 사회, 국어","수학ㆍ과학교과 : 수학Ⅰ, 수학Ⅱ, 확률과 통계, 물리학Ⅰ, 지구과학Ⅰ<br>예술ㆍ사회교과 : 미술, 연극, 음악, 사회문화, 생활과 윤리, 세계사, 경제<br>생활ㆍ교양교과 : 정보, 심리학, 논술, 인문학적 감성과 역사이해, 문학적 감성과 상상력","미술창작, 미술/음악 감상과 비평, 사회문제 탐구, 고전 읽기, 융합 과학, 지식재산 일반, 창의 경영, 기하, 수학탐구 과제",예체능계열,예체능계열
10020,레저스포츠학과,스포츠 자체를 좋아하고 즐기는 사람들에게 적합한 전공입니다. 다른 사람들에게 레포츠 활동을 지도하기 위해서는 상대방의 이야기를 잘 이해하고 자신의 생각을 잘 전달할 수 있는 능력이 필요합니다.,현대 사회는 본격적인 여가사회로 출현함에 따라 어떻게 여가를 즐길 것인가가 삶의 질을 결정하는데 중요한 영향을 미치고 있다. 경제성장과 의료 기술의 발달로 건강과 삶의 질에 대한 관심이 증가함에 따라서 각 개인의 맞춤식 스포츠 활동은 개인의 문제를 넘어 국가적인 이슈로 대두되고 있다,국민대학교,"체육, 윤리","체육교과 : 체육, 운동과 건강<br>사회교과 : 생활과 윤리, 윤리와 사상<br>교양교과 : 철학, 심리학, 교육학","스포츠 생활, 체육 탐구",예체능계열,예체능계열
144,만화애니메이션학과,상상력과 자기만의 아이디어가 있는 사람들에게 적합한 전공입니다. 새로운 스토리의 만화나 애니메이션을 머리  속에서 만들 수 있는 사람에게 유리합니다. ,"
디지털 시대의 만화와 애니메이션은 인터넷, 모바일, 등 새로운 미디어와 결합하여 보다 강력한 문화산업으로 발전하고 있습니다. 최근 우리나라의 웹툰은 만화종주국 일본을 비롯하여 세계적으로 호평을 받고 있으면 산업적으로도 크게 성장하고 있습니다. 성공한 웹툰은 드라마나 영화 등으로 새롭게 제작되어 사람들의 사랑을 받고 있습니다.",경기대학교,"미술, 윤리","예술교과 : 미술<br>사회교과 : 생활과 윤리, 윤리와 사상<br>교양교과 : 철학, 심리학, 교육학","미술 창작, 미술 감상과 비평",예체능계열,예체능계열
155,목조형가구학과,새로운 창작물을 만들기 위해서는 자신만의 생각과 아이디어가 있어야 합니다. 일상용품 뿐만 아니라 새로운 예술작품을 만들기 위해서는 사용되는 재료와 기법이 다양합니다. 목조형가구를 창작하는데 필요한 지식과 기술을 익혀야 합니다.,"오늘날의 주거공간은 다양한 가구문화를 요구하고 있으며, 가구산업은 생활문화를 선도하는 산업으로 자리 잡고 있습니다. 가구 디자인 분야에서 목조형가구학과는 학문적인 뒷받침을 하는 역할을 하면서 그 위상이 높아지고 있습니다. 최근 목조형가구학과에서는 실용적인 가구보다는 목조 예술품을 창작하는데 관심을 가지고 있습니다.",홍익대학교,"미술, 윤리","예술교과 : 미술<br>사회교과 : 생활과 윤리, 윤리와 사상<br>교양교과 : 철학, 심리학, 교육학","미술 창작, 미술 감상과 비평",예체능계열,예체능계열
158,무도학과,"태권도, 유도, 검도, 호신술 등 무도 자체를 좋아해야 합니다. 무도가 좋고 무도를 평생의 직업으로 삼고 싶은 사람이라면 도전할 만 합니다. 무도 지도자가 되려면 무술의 이론과 실기에 능해야 합니다. 또한 사람들과 의사소통을 잘 해야 자신의 기술을 가르칠 수 있습니다.  ","전 세계적으로 동양 무술에 대한 관심이 많습니다. 우리나라뿐만 아니라 중국과 일본에도 대학에 무도학과가 설치되었고, 미국의 브리지포트대학교에도 무술학과가 설치되었습니다. 캐나다와 러시아 등에서도 태권도를 비롯한 동양 무술 대학 전공 설치에 대해 관심을 가지고 있습니다.",동의대학교,"체육, 윤리","체육교과 : 체육, 운동과 건강<br>사회교과 : 생활과 윤리, 윤리와 사상<br>교양교과 : 철학, 심리학, 교육학","스포츠 생활, 체육 탐구",예체능계열,예체능계열
162,무용학과,"무용가가 되려면 신체가 유연하고 균형감각이 있어야 합니다. 음악에 대한 감각이 있어서 음악에 따라서 몸의 리듬을 맞출 수 있어야 합니다. 무용도 예술분야의 하나로서 창의성이 중요하며, 무용에 관한 현대적 이론에 대한 지식을 익힐 수 있어야 합니다.","현대무용과 한국무용, 발레 공연 등 무용 공연은 매년 증가하고 있습니다. 문화수준이 높아지면서 무용을 즐기려는 사람들도 늘어나고 있습니다.  온라인 미디어 플랫폼을 이용한 새로운 형식의 창작무용이 앞으로 기대가 됩니다. 정부에서는 예술분야를 지원하고 무용가의 생존권을 확보하기 위한 정책을 마련하고 있습니다.",경희대학교,"체육, 윤리","체육교과 : 체육, 운동과 건강<br>사회교과 : 생활과 윤리, 윤리와 사상<br>교양교과 : 철학, 심리학, 교육학","스포츠 생활, 체육 탐구",예체능계열,예체능계열
360,미디어영상학과,"공연 및 영상 예술에 관심이 많고 자유롭게 생각하고 자신의 생각이나 감정을 잘 표현할 줄 알며 신기술에 관심이 많은 학생에게 적합합니다. 영상매체를 잘 다룰 수 있어야 하며, 개성과 창의력, 미적 감각, 예술적 감수성이 요구됩니다. 또한 폭 넓은 시각을 갖기 위한 다양한 체험이 도움이 됩니다.","최근 첨단 영상 분야의 발달이 영화, 방송 등에 긴밀한 영향을 미치고 있어 영상 콘텐츠 표현 방법이 다양화되고 있습니다. 이러한 콘텐츠를 기획하는 창의적 인재를 육성하기 위해 현대 미학, 비평, 스토리텔링, 연출, 촬영, 편집, 디지털 효과 등을 교육과정으로 삼고 있습니다. 영상매체에 대한 대중의 관심은 앞으로도 지속될 것이므로 영상 분야는 향후 전망이 좋을 것으로 판단됩니다.",건국대학교,"미술, 윤리","예술교과 : 미술<br>사회교과 : 생활과 윤리, 윤리와 사상<br>교양교과 : 철학, 심리학, 교육학","미술 창작, 미술 감상과 비평",예체능계열,예체능계열
184,미술학과,"눈에 보이는 모든 결과물들, 혹은 현상들에 대해서 남들보다는 좀 더 관심을 갖고 의문점을 가지며 또 어떻게 저런 것이 만들어졌는가에 대한 생각을 하는 사람에게 맞습니다. 즉 독창적으로 생각하고 창의적으로 표현하는 것을 좋아하는 사람에게 적합합니다. 더불어 독창성과 창의성의 토대가 되는 기본 실기 능력이 중요합니다. 또, 오랜 연습을 견딜 수 있는 인내력 또한 요구됩니다.","미술학과는 다양한 전공 분야, 즉 한국화, 서양화, 조소 등을 배울 뿐만 아니라 실무에 응용할 수 있는 컴퓨터 그래픽, 광고론, 디자인 마케팅, 일러스트레이션을 배움으로써 미술 여러 분야의 진로를 탐색하여 자신에게 맞고 원하는 미술 분야로의 진출을 가능하게 합니다.",경희대학교,"미술, 윤리","예술교과 : 미술<br>사회교과 : 생활과 윤리, 윤리와 사상<br>교양교과 : 철학, 심리학, 교육학","미술 창작, 미술 감상과 비평",예체능계열,예체능계열
10040,뷰티미용학과,"미용은 고객을 대상으로 하는 일이라 사람들과 잘 이야기하고 상대의 이야기를 잘 이해할 수 있는 사람에게 적합합니다. 미적 감각이 좋아야 고객을 만족시킬 수 있습니다. 커트, 파마, 염색 등 고객의 헤어스타일을 연출하는데 필요한 지식과 기술을 충분히 익힐 수 있어야 합니다.","뷰티산업의 발전에 따라 뷰티산업의 시장이 확대되고 다양한 형태의 교육기관이 증가하고 있습니다. 뷰티산업 분야에 취업하는 분야는 세분화, 전문화되었습니다. 미용전문가라고 하더라도 전문 분야에 따라서 헤어디자이너, 피부관리사, 체형관리사, 두피관리사, 메이크업아티스트, 스타일리스트, 네일 테크니션, 특수머리 전문가, 특수 분장사 등 다양한 진로분야가 있습니다.
",건국대학교,"미술, 윤리","예술교과 : 미술<br>사회교과 : 생활과 윤리, 윤리와 사상<br>교양교과 : 철학, 심리학, 교육학","미술 창작, 미술 감상과 비평",예체능계열,예체능계열
234,사진영상학과,"삶의 철학을 갖고 사진이나 만화 작품 속에 그것을 표현하는 것을 좋아하는 사람에게 적합합니다. 영상과 그림에 대한 남다른 조형감각이 필요합니다. 또한, 기계나 도구를 다루는 데 소질이 있어야 하며, 미적 감각이 요구됩니다. 무엇보다 인문학적인 상상력이 필요합니다. 왜냐하면 스토리 능력이 필요하기 때문입니다. 그래서 책을 많이 접하면서 인문학적 소양을 키우는 것이 필요합니다.","인터넷과 기술의 발달로 만화나 사진은 종이 형태로만 볼 수 있는 것이 아니라 생활 곳곳에 다양한 형식으로 자리 잡고 있습니다. 요즈음에는 핸드폰으로 사진을 찍을 뿐만 아니라 소지하고 있고 웹툰으로 만화를 즐깁니다. 이렇듯 사회의 생활 양식이 변화하고 있으며, 그에 맞게 사진과 만화의 형식도 다양하게 확대되고 있습니",한국예술종합학교,"미술, 윤리","예술교과 : 미술<br>사회교과 : 생활과 윤리, 윤리와 사상<br>교양교과 : 철학, 심리학, 교육학","미술 창작, 미술 감상과 비평",예체능계열,예체능계열
242,사회체육학과,운동이나 스포츠 자체를 즐기는 사람들에게 유리한 전공입니다. 사회체육 지도자로서 활동하기 위해서는 운동을 잘 해야할 뿐만 아니라 사람들의 이야기를 잘 듣고 자신의 이야기를 잘 전달할 수 있어야 합니다. ,현대인들의 여가 증가에 따른 건강 및 스포츠 활동에 대한 욕구가 증가하였습니다. 최근 생활체육 관련 시설이 크게 확층되었고 다양한 프로그램이 개발되었습니다. 노인 인구가 늘어나면서 노인들이 참여하는 체육 활동도 늘어나고 있습니다. ,광운대학교,"체육, 윤리","체육교과 : 체육, 운동과 건강<br>사회교과 : 생활과 윤리, 윤리와 사상<br>교양교과 : 철학, 심리학, 교육학","스포츠 생활, 체육 탐구",예체능계열,예체능계열
253,산업디자인학과,제품을 디자인을 하기 위해서는 미적 감각이 있어야 하고 자신만의 새로운 아이디어가 있어야 합니다. 그리고 자신의 아이디어를 표현할 수 있는 능력이 있어야 합니다. 과학적으로 사고하고 문제 상황에서 해결책을 찾을 수 있는 능력이 필요합니다.,"산업디자인학과에서는 가전제품, 운송기기, 오디오, 휴대폰, 가구, 신발, 가방, 유아용품, 악기, 게임, 스포츠용품, 웨어러블, 화장품, 패키지 등 사람들의 생활에서 필요로 하는 제품들을 디자인합니다. 최첨단 기술 제품이 새롭게 생산되는 시대를 맞이하여 정보기술을 비롯한 새로운 기술과 함께 산업디자인은 발전하고 있습니다.",건국대학교,"미술, 윤리","예술교과 : 미술<br>사회교과 : 생활과 윤리, 윤리와 사상<br>교양교과 : 철학, 심리학, 교육학","미술 창작, 미술 감상과 비평",예체능계열,예체능계열
272,서양화과,예술가는 풍부한 상상력과 창의력을 바탕으로 자기 특유의 미적 표현능력을 발휘하여 자신뿐만 아닌 타인에게도 미적 감동을 느낄 수 있는 작품세계를 보여주어야 합니다. 자신의 미적 표현능력을 적극적으로 발현할 수 있고 예술에 대한 끝없는 탐구욕을 가진 사람에게 적합합니다. 서양화를 공부하려는 학생들은 미술에 대한 호기심과 재능이 풍부하여야 하며 최소한의 실기 능력을 소지하고 있어야 합니다. ,서양화는 대체로 캔버스(천)에 유화 물감으로 그려진다. 두터운 종이에 수채로 그리는 그림도 있고 아크릴 같은 특수 물감도 널리 쓰여지고 있습니다. 최근에 일부 작가들은 3D 디지털 회화를 개척하려고 시도하고 있습니다. 시대의 발전에 따라서 사용하는 재료와 캔버스의 종류가 변화하고 있습니다.,덕성여자대학교,"미술, 윤리","예술교과 : 미술<br>사회교과 : 생활과 윤리, 윤리와 사상<br>교양교과 : 철학, 심리학, 교육학","미술 창작, 미술 감상과 비평",예체능계열,예체능계열
282,섬유디자인학과,자신만의 섬유 디자인을 하기 위해서는 독창성과 창의성을 가지고 있어야 합니다. 세상의 변화와 추세에 민감해야 시대 흐름에 뒤처지지 않는 디자인을 할 수 있습니다. 고객이나 팀원과의 의사소통이 원활해야 좋은 디자인을 만들 수 있습니다.,"섬유나 직물(텍스타일)은 쓰이는 곳이 상당히 다양합니다. 의류회사나 인테리어 회사뿐만 아니라 정보통신 기술을 다루는 회사에서도 섬유디자인이 필요합니다. 자동차회사, 팬시브랜드를 다루는 회사에서도 섬유 디자인을 전공한 인력을 필요로 합니다.  ",덕성여자대학교,"미술, 윤리","예술교과 : 미술<br>사회교과 : 생활과 윤리, 윤리와 사상<br>교양교과 : 철학, 심리학, 교육학","미술 창작, 미술 감상과 비평",예체능계열,예체능계열
283,성악과,"제일 중요한 것은 기본적으로 악보를 볼 수 있는 능력이기 때문에 피아노를 연주하거나 합창단에서 음악활동을 하는 것이 도움이 됩니다. 또한 성악의 가사나 성악 분야의 자료가 대부분 외국어이므로 외국어에 대한 흥미가 있으면 유리합니다. 더불어, 가장 중요한 것은 좋은 목소리와 호흡이라고 할 수 있습니다. 그러므로 목소리 자체가 좋아야 하고, 항상 건강한 체력을 유지하며 폐활량을 늘려야 합니다.","성악은 기악과는 달리 어릴 때부터 시작하지 않아도됩니다. 하지만 발성을 터득하는 것이 중요합니다.또, 가곡이나 오페라, 미사곡 같은 클래식 음악 위주로 배우지만 졸업 후 합창단이나 오페라단에 진출할뿐만 아니라 뮤지컬이나 방송사에도 많이 진출하는편입니다.",경희대학교,"음악, 윤리","예술교과 : 음악<br>사회교과 : 생활과 윤리, 윤리와 사상<br>교양교과 : 철학, 심리학, 교육학","음악 연주, 음악 감상과 비평",예체능계열,예체능계열
306,스포츠건강관리학과,기본적으로 스포츠를 좋아하고 체육학과 관련 있는 여러 교과목에 대한 관심이 있다면 충분하다고 생각됩니다. 스포츠건강과학은 광범위하게 적용 가능한 학문이므로 졸업 후 다양한 분야로 진출하여 전문가로 활약할 수 있습니다.,"엘리트 운동선수 경력이 있거나 현재 선수로 활동하고 있는 사람이나 스포츠나 건강 분야에서 진로를 찾는 사람들에게 스포츠건강관리학과를 권할만 합니다. 지역의 체육관련 단체, 스포츠 동호회에서 활동하며 평생 스포츠와 함께 하고 싶은 사람들이 도전할만 한 전공입니다.",국민대학교,"체육, 윤리","체육교과 : 체육, 운동과 건강<br>사회교과 : 생활과 윤리, 윤리와 사상<br>교양교과 : 철학, 심리학, 교육학","스포츠 생활, 체육 탐구",예체능계열,예체능계열
307,스포츠지도학과,스포츠 자체를 즐기는 사람들에게 유리합니다. 적어도 한가지 운동에 대해서는 선수 못지 않은 실력을 갖추고 있어야 합니다. 여러 사람들과 잘 어우릴 수 있어야 합니다. 상대방의 이야기를 잘 이해하고 자신의 이야기를 잘 전달할 수 있어야 합니다.,"여가 생활에 대한 관심이 높아지면서 스포츠를 즐기려는 사람들이 다양해 지고 있습니다. 유소년, 장애인, 성인, 노인 등은 단순히 스포츠를 관람하는 것을 넘어서서  스포츠를 즐기는 주인공이 되고 있습니다. 다양한 대상의 프츠 지도사의 수요는 앞으로도 늘어날 것으로 전망됩니다.",국민대학교,"체육, 윤리","체육교과 : 체육, 운동과 건강<br>사회교과 : 생활과 윤리, 윤리와 사상<br>교양교과 : 철학, 심리학, 교육학","스포츠 생활, 체육 탐구",예체능계열,예체능계열
309,시각디자인학과,"다양한 분야의 예술과 사상을 접하여 안목을 넓히는 것이 좋습니다. 상상력과 감성이 풍부한 사람, 무언가를 만들어 내는 일을 즐기는 사람과 어울립니다. 특히 창의적인 관심도가 중요한 학과입니다. 또한 사물에서 느끼는 이미지를 시각적으로 표현할 수 있는 능력이 요구되며 현대 산업사회가 다양하고 광범위하게 때문에 이에 부응하기 위한 예술적 기량이 필요합니다.","시각적 표현과 함축적 메시지의 전달을 목적으로 한모든 디자인을 총칭하는 것인 만큼 다양한 영역에서 활동할 수 있습니다. 즉, 시각디자인은 그 범위가 넓어서 다양한 세부 전공을 포함하고 있습니다.  정보화 혁명에 따라 기존의 인쇄 매체 중심의 그래픽 디자인에서 영상, 멀티미디어 등으로 사회에서 요구되는 시각 디자이너의 활동 범위도 폭 넓게 변화하고 있습니다.",경희사이버대학교,"미술, 윤리","예술교과 : 미술<br>사회교과 : 생활과 윤리, 윤리와 사상<br>교양교과 : 철학, 심리학, 교육학","미술 창작, 미술 감상과 비평",예체능계열,예체능계열
10024,실내디자인학과,"정해진 공간을 아름다고 새롭게 디자인하기 위해서는 남과 다른 아이디어를 가지고 있어야 합니다. 실내디자인 자체를 좋아하고 새로운 공간을 만드는데 흥미를 가져야 합니다. 기본적인 디자인 능력을 보유해야 하고, 실내디자인의 흐름이 계속 바꾸고 있어서 실내건축과 디자인 분야의 변화 흐름을 읽을 수 있어야 합니다.","실내 디자인의 영어식 표현은 인테리어 디자인인데요, 주로 영어식 표현으로 많이 불립니다. 실내 디자인은 공간 디자인, 환경 디자인, 리빙 디자인이라고도 불립니다. 사회 경제적인 발전에 따른 문화 및 생활 수준의 향상은 실내 공간의 디자인에 대한 일반인의 관심과 이해의 증가로 이어지고 있습니다. 앞으로 실내 디자인에 대한 수요는 늘어날 것으로 전망됩니다. ",건국대학교,"미술, 윤리","예술교과 : 미술<br>사회교과 : 생활과 윤리, 윤리와 사상<br>교양교과 : 철학, 심리학, 교육학","미술 창작, 미술 감상과 비평",예체능계열,예체능계열
329,실용음악학과,음악 전반에 대한 관심과 함께 대중음악 등 다양한 실용음악 장르와 문화 예술 분야에 관심이 있는 학생에게 적합합니다. 다양한 음악 이론과 실기 수업을 소화하기 위한 지적 능력과 성실성이 요구됩니다. 또한 기본적으로 악보를 볼 수 있는 능력이 필요하기 때문에 피아노를 연주하거나 합창단 같은 음악 활동을 하는 것이 도움이 됩니다.,"실용음악과는 가요 등의 대중음악을 비롯하여 영화음악, 광고음악, 방송음악, 공연음악 등 우리 주변에서 흔히 접할 수 있는 각종 실용음악에 대한 이론과 창작, 연주기법 등을 공부하게 됩니다. 대중음악의 독자성과 창의성이 창출되도록 유도하고, 전통과 현대 대중음악과의 접목을 시도함으로써 음악 세계에 실험적 접근을 꾀하는 이 학과는 K-POP의 영향으로 인기가 계속 지속될 전망입니다.",강서대학교,"음악, 윤리","예술교과 : 음악<br>사회교과 : 생활과 윤리, 윤리와 사상<br>교양교과 : 철학, 심리학, 교육학","음악 연주, 음악 감상과 비평",예체능계열,예체능계열
352,연극영화학과,"연극ㆍ영화는 종합예술이므로 미술, 음악, 무용, 문학, 건축, 연극, 어학, 심리학, 사회학 전반에 걸친 지식과 관심이 있어야 합니다. 또, 재학 중에 실습을 통하여 작품 연구에 할애하는 시간이 많아 인내심이 필요하며, 자신의 개성을 제작 팀원들과 조화시킬 줄 알아야 합니다.",중ㆍ고등학교 학생들에게 직업의 선호도 조사를 하면 매년 어김없이 나오는 직업은 연예인입니다. 이렇듯 연예인과 밀접한 관련이 있는 이 학과는 경쟁률이 높으며 앞으로 이 학과의 인기는 의심의 여지가 없이계속될 전망입니다. 더불어 이 학과와 관련된 직업들은 연극배우와 영화배우를 같이 할 수 있는 것처럼 고정적이지 않고 동시에 여러 직업을 가질 수 있는 장점이 있습니다.,건국대학교,"음악, 윤리","예술교과 : 음악<br>사회교과 : 생활과 윤리, 윤리와 사상<br>교양교과 : 철학, 심리학, 교육학","음악 연주, 음악 감상과 비평",예체능계열,예체능계열
369,예술학과,"아름다음을 표현하고 만들어내는 창작 활동 자체에 흥미를 갖어야 합니다. 연극, 음반, 영상물 등 어떠한 매체이든 예술 자체를 즐길 수 있는 사람에게 적합합니다. 예술의 창작 활동은 혼자 하는 경우도 있지만 여러 사람들과 함께 하는 경우가 많습니다. 사람들과 잘 어울리고 자신의 주장을 설득력 있게 전달할 수 있어야 합니다.","예술학과로 개설된 대학도 있지만, 공연예술학부, 공연예술전공, 게임엔터테인먼트학과, 고영방송연예학과, 고영영상학부 등 다양한 이름으로 주요 대학에서 전공을 개설하고 있습니다. 예술분야의 영역 자체가 다양하고, 동양과 서양, 전통과 현대 등 다양한 분야로 전공이 세분화되는 특성이 있습니다. ",광운대학교,"미술, 윤리","예술교과 : 미술<br>사회교과 : 생활과 윤리, 윤리와 사상<br>교양교과 : 철학, 심리학, 교육학","미술 창작, 미술 감상과 비평",예체능계열,예체능계열
396,음악학과,"풍부한 음악적 감수성과 창의력을 위해 평소 영화, 연극, 뮤지컬, 문학 등 다양한 문화예술 장르에 관심을 가지면 도움이 됩니다. ‘음악’ 관련 전공자들은 풍부한 음악적 재능과 함께 장시간의 꾸준한 연습을 이겨 낼 수 있는 인내력과 성실함도 많이 필요합니다. 또한 오페라나 예술가곡의 대부분이 유럽에서 기원하였기 때문에 이태리어, 불어 등 외국어 대한 능력이 요구됩니다.","음악 분야는 크게 악기 연주, 성악, 작곡 등으로 나눌 수 있고, 서양 음악뿐만 아니라 우리 전통 음악인국악, 그리고 방송, 영화, 가요 등을 연주ㆍ작곡하는실용 음악까지 그 영역이 다양합니다, 음악이 많은 사람들의 삶의 일부인 것처럼 음악학과는 이러한 사람들의 욕구를 충족시키기 위해 지속될 수밖에 없습니다",강서대학교,"음악, 윤리","예술교과 : 음악<br>사회교과 : 생활과 윤리, 윤리와 사상<br>교양교과 : 철학, 심리학, 교육학","음악 연주, 음악 감상과 비평",예체능계열,예체능계열
21019,응용미술학과,그림을 그리고 새로운 것을 만드는 것 자체를 좋아해야 합니다. 시대 변화에 따라서 사용되는 재료나 캔버스의 변화를 이해할 수 있어야 합니다. 미술에 대한 전문적인 식견을 가지고 자신의 작품을 만들 수 있는 능력이 있어야 합니다.,"응용 미술은 순수 미술과 대비되는 영역으로 실용 미술, 즉 실생활에 쓰이는 미술을 뜻하는 용어로 주로 사용되며 디자인을 포함합니다. 응용미술학과에서는 순수한 미적 탐구와 더불어 미술과 디자인에 관한 이론적ㆍ실천적인 교육이 이루어지고 있습니다. 대학에 따라서 세부적인 교육과정을 다양하게 운영합니다.
",건국대학교,"미술, 윤리","예술교과 : 미술<br>사회교과 : 생활과 윤리, 윤리와 사상<br>교양교과 : 철학, 심리학, 교육학","미술 창작, 미술 감상과 비평",예체능계열,예체능계열
452,작곡과,"창의적인 일을 하는 것을 좋아하고 감수성이 풍부한 사람에게 적합합니다. 더불어 작곡은 문학과 마찬가지로 다양한 학문이 상호작용하여 작품으로 완성되는 것이므로 다양한 학문적 관심을 갖는 것이 좋습니다. 또, 소리를 느끼고 판단하는 능력, 즉 음감이 좋아야 합니다. 그러기 위해서는 많은 청각적인 체험, 다시 말하면 평소에 음악을 많이 듣고 연주한 경험이 필요합니다","작곡과는 크게 작곡전공, 이론전공, 그리고 지휘전공으로 나뉘어집니다. 작곡과는 작곡에 관한 이론과 기법뿐만 아니라 음악학을 연구하여 유능한 작곡가, 음악학자 및 지휘자로 성장할 수 있습니다.",경희대학교,"음악, 윤리","예술교과 : 음악<br>사회교과 : 생활과 윤리, 윤리와 사상<br>교양교과 : 철학, 심리학, 교육학","음악 연주, 음악 감상과 비평",예체능계열,예체능계열
507,조소학과,"예술가에게는 풍부한 상상력과 창의력은 물론, 그것을 특유의 미적 표현 양식으로 만들어 내고자 하는 열정이 필요합니다. 조소를 전공하려는 학생들은 미술과 문화 전반에 대한 관심과 열정, 그리고 최소한 실기 능력을 갖추어야 합니다. ","최근 조소학과에서는 조소라는 한정된 학과개념에서 벗어나 입체 설치, 환경이라는 새로운 개념으로 확장시켜가는 경향이 있습니다. 회화나 조각이란 분야가 고유한 자신의 영역을 넘어서서 다른 분야와 통합되고 있습니다. 사용하는 재료도 디지털 소재까지 포함하여 다양해지고 있습니다.",동국대학교,"미술, 윤리","예술교과 : 미술<br>사회교과 : 생활과 윤리, 윤리와 사상<br>교양교과 : 철학, 심리학, 교육학","미술 창작, 미술 감상과 비평",예체능계열,예체능계열
508,조형디자인학과,"사물을 면밀히 관찰하고 독창적으로 생각하며 창의적으로 표현하는 것을 좋아하는 사람에게 적합합니다. 또, 3차원의 공간에 표현하는 일이므로 공간 지각력이 요구되며, 다양한 재료를 발굴한 줄 아는 능력이 필요합니다. 실습을 하면서 작품연구에 할애하는 시간이 많기 때문에 학과수업 이외의 시간과 노력을 투자할 수 있는 인내심이 필요합니다.","현대 미술에서는 입체 작업이 차지하는 비중이 점점 커짐에 따라 조형의 중요성도 점차 확대되고 있습니다. 또, 현대 조각에는 철강, 알루미늄, 플라스틱유리 등을 비롯하여 더욱 새로운 감각의 재료들이 이용되고 있습니다. 이렇듯 현대 기술의 발달로 새로운 재료와 기법을 발굴하기 위한 노력들은 계속될 전망입니다.",고려대학교,"미술, 윤리","예술교과 : 미술<br>사회교과 : 생활과 윤리, 윤리와 사상<br>교양교과 : 철학, 심리학, 교육학","미술 창작, 미술 감상과 비평",예체능계열,예체능계열
552,체육학과,"운동하기를 좋아하고 스포츠 관련 학문에 관심이 많으면 좋습니다. 체육 분야를 전공하려면 각종 운동 종목을 습득할 수 있는 운동 자질이 있어야 하며, 훈련을 감당해 낼 체력이 필요합니다. 또, 한 종목 이상의 특기를 기르기 위해 재학 중에 많은 양의 연습과 훈련이 필요하므로 학과 수업 이외의 시간과 노력을 투자할 수 있는 끈기와 인내심이 필요합니다.","체육은 현대인들의 건전한 여가생활 및 고령화 사회에서 삶의 질을 높이는 데 결정적인 역할을 합니다. 또, 올림픽이나 월드컵 같은 국제적인 스포츠 행사를 통해 스포츠의 대중화와 경기력 향상을 위하여 스포츠 과학과 관련된 최신 정보를 제공합니다. 최근 중요시되는 성인병 예방과 건강관리를 위한 생활체육 및 건강 정보를 소개하여 체육 전문인, 일반인들에게 유익한 내용을 전달합니다. 그러므로 체육학과의 중요성은 앞으로 더욱 부각될 예정입니다.",광운대학교,"체육, 윤리","체육교과 : 체육, 운동과 건강<br>사회교과 : 생활과 윤리, 윤리와 사상<br>교양교과 : 철학, 심리학, 교육학","스포츠 생활, 체육 탐구",예체능계열,예체능계열
566,커뮤니케이션디자인학과,"커뮤니케이션디자인의 핵심은 남과 다른 독자적인 창의성에 있습니다. 새로운 아이디어를 낼 수 있는 사람에게 적합합니다. TV, 웹, SNS 등 다양한 미디어를 활용할 수 있는 능력이 있어야 합니다. 디지털 첨단 미디에 대한 이해와 활용능력을 갖추어야 합니다.",현대 사회에는 산업과 학문이 융합하는 시대입니다. 다양한 미디어 가운데 어느 미디어가 가장 효과적이지 메시지를 잘 전달할 수 있는지 단정할 수 없습니다. 커뮤니케이션디자인학과에서는 특정한 미디어에 얽매이지 않고 다양한 디자인 방식을 아울러 공부할 수 있습니다.,건국대학교,"미술, 윤리","예술교과 : 미술<br>사회교과 : 생활과 윤리, 윤리와 사상<br>교양교과 : 철학, 심리학, 교육학","미술 창작, 미술 감상과 비평",예체능계열,예체능계열
575,컴퓨터디자인학과,디자인을 분야를 전공하는 사람은 색채감각과 미적 감각을 갖추고 있어야 합니다. 전문적으로 컴퓨터를 다루는 전공은 컴퓨터를 비롯한 정보기술의 다양한 매체를 활용하는데 능력해야 합니다. 변화하는 정보기술과 디자인 흐름을 계속 학습할 수 있어야 합니다.,"컴퓨터디자인 분야는 컴퓨터, 그래픽, 기획, 인터넷, 디자인 등의 기술과 정보가 유기적으로 결합되어 있습니다. 컴퓨터를 비롯한 정보통신 기술과 정보에 대한 이해가 중요합니다. 현대사회에서는 컴퓨터디자인 전공이 아니라도 디자인에 관심을 갖는 사람이라면 정보통신 기술과 정보의 활용은 기본입니다.",명지대학교 인문캠퍼스,"미술, 윤리","예술교과 : 미술<br>사회교과 : 생활과 윤리, 윤리와 사상<br>교양교과 : 철학, 심리학, 교육학","미술 창작, 미술 감상과 비평",예체능계열,예체능계열
10156,패션디자인학과,"패션에 대한 남다른 흥미가 있고 모든 사물에 내재된 고유한 아름다움을 발견할 수 있는 미적 감수성과 추상적인 이미지를 실현시키는 것에 즐거움을 느끼는 사람에게 적합합니다. 패션디자인을 전공하기 위해서는 색채에 대한 감각과 조합 능력이 필요합니다. 또, 감각을 구체적으로 표현하는 일에도 능숙해야 합니다.","‘패션디자인과’라고 하면, 일반 사람들은 흔히 옷을 만드는 학과라고들 생각합니다. 하지만 패션 디자인에는 옷을 디자인하는 분야만 있는 것이 아니라, 새로운 직물을 고안하는 직물 디자인과 액세서리 디자인, 가방 디자인, 신발 디자인, 그리고 제품 디자인 등이 포함됩니다. 모자 디자이너로 유명한 필립 트레이시(Philip Treacy)가 좋은 예입니다. 유명한 디자이너들 대부분이 남성인 만큼 패션 디자인 분야에는 남녀구분이 없고, 패션을 중시하는 시대적인 흐름에 맞추어 패션디자인학과의 인기는 지속될 전망입니다.",건국대학교,"사회, 체육ㆍ예술","사회교과 : 경제, 사회ㆍ문화, 생활과 윤리<br>체육ㆍ예술교과 : 미술","미술 창작, 미술 감상과 비평, 지식 재산 일반, 사회문제 탐구",예체능계열,예체능계열
612,피아노학과,"피아노 연주를 즐기고 피아노와 평생 함께 할 생각이 있는 사람들에게 어울리는 전공입니다. 피아노 연주에 대한 전문지식과 실기 능력, 그리고 음악적 소양이 있는 사람이 잘 할 수 있습니다. ","피아노는 서양음악을 이해하는데 있어 가장 기본이 되며 우리나라 음악교육의 중심이 되는 악기입니다. 피아노는 독주 분야 뿐 아니라 성악반주, 기악반주, 무용반주, 실내악 앙상블 등 연주의 거의 모든 분야에서 필수적으로 사용되고 있으며 문화예술에 대한 관심 증대로 인해 그 사회적 수요가 증가하고 있습니다. 특히 우리나라의 피아노 연주 수준은 세계적으로 인정받고 있으며 다양한 분야에서 피아노를 활용하고 있습니다.",강서대학교,"음악, 윤리","예술교과 : 음악<br>사회교과 : 생활과 윤리, 윤리와 사상<br>교양교과 : 철학, 심리학, 교육학","음악 연주, 음악 감상과 비평",예체능계열,예체능계열
633,해양스포츠학과,물과 함께 하는 해양 스포츠를 즐겨야 합니다. 오랫 시간 동안 물과 함께 하는 일이 즐거운 사람들에게 어울립니다. 여러 사람들과 어울리고 상대방의 이야기를 잘 들을 수 있어야 합니다. 그리고 자신의 주장을 상대방에게 잘 전달할 수 있어야 합니다. ,"해양스포츠학과에서는 크게  세 가지 진로 트랙이 있습니다. 첫째, 수영을 비롯한 해양 스포츠를 일반인들에게 강습하는 분야입니다. 생활체육지도사 자격을 취득해야 합니다. 둘째, 운동처방이나 스포츠 재활 분야를 전문으로 하는 길입니다. 건강운동관리사 자격을 취득하고 운동처방이나 재활관련 공부를 해야 합니다. 셋째, 스포츠 경영분야에서 일하는 길입니다. 스포츠경영관리사 자격을 취득하고 스포츠 마케팅 분야의 공부를 해야 합니다.",국립부경대학교,"체육, 윤리","체육교과 : 체육, 운동과 건강<br>사회교과 : 생활과 윤리, 윤리와 사상<br>교양교과 : 철학, 심리학, 교육학","스포츠 생활, 체육 탐구",예체능계열,예체능계열
657,환경디자인학과,"공간관계나 위치를 잘 파악할 수 있는 공감 감각이 있어야하고, 미적 감각도 좋아야 합니다. 공간 디자인 작업은 고객의 의견을 듣고 팀원들과 함께 일하는 경우가 많습니다. 사람들과 자신의 의견을 원활하게 전달할 수 있어야 합니다. 디자인에 대한 전문적 지식과 분석력을 갖추어야 전공을 공부하는데 유리합니다.","환경디자인의 영역은 매우 광범위하고 현대 도시 생활과 관련이 많습니다. 쾌적한 생활을 할 수 있는 환경을 종합적으로 계획ㆍ설계하는 일이 환경디자인입니다. 주택이나 건물뿐만 아니라 도로, 공원, 학교 등을 종합적으로 설계하는 일이 환경디자인에 속합니다.  ",국민대학교,"미술, 윤리","예술교과 : 미술<br>사회교과 : 생활과 윤리, 윤리와 사상<br>교양교과 : 철학, 심리학, 교육학","미술 창작, 미술 감상과 비평",예체능계열,예체능계열
660,환경조각학과,예술적 소양과 미적 감각이 있어야 합니다. 미술 자체를 좋아하고 조각하는 일 자체를 즐길 수 있는 사람에게 어울리는 학과입니다. 남과는 다른 아이디어를 가지고 새로운 작품을 만들 수 있는 창의력이 있어야 합니다.,"환경조각학은 환경과 미술을 함께 고려합니다. 예술 작품이 가진 미적 가치를 중시할 뿐 아니라 미술품이 사회에서 차지하는 사회적 역할에 대해서도 중요시 합니다. 환경이 파괴되고 사람의 삶이 점점 어려워지는 상황에서 인간과 자연, 그리고 인간과 인간이 다함께 살아갈 새로운 미래를 고민하는 전공입니다.",서울시립대학교,"미술, 윤리","예술교과 : 미술<br>사회교과 : 생활과 윤리, 윤리와 사상<br>교양교과 : 철학, 심리학, 교육학","미술 창작, 미술 감상과 비평",예체능계열,예체능계열
663,회화학과,"그림 그리기 자체를 즐기고 창의적이고 사고를 할 수 있는 사람에게 어울리는 전공입니다. 오랜 시간 그림 작업에 몰두할 수 있는 참을성이 있어야 합니다. 회화의 새로운 기법을 이해할 수 있어야 하고, 회화 자체에 대한 전문적인 지식과 실력을 갖추어야 합니다.",회화는 기본적으로 여러 가지 선이나 색채로 평면상에 형상을 그려 내는 조형미술이며 그 역사는 미술의 역사에 버금갈 정도로 깊은 연륜을 자랑합니다. 기초과정에서는 기본실기 및 이론교육을 통해 개인의 창작과 표현능력을 극대화시켜야 합니다. 전공 및 심화과정에서는 기초과정의 축적된 지식과 표현능력을 바탕으로 폭넓고 개성적인 표현 실습을 통하여 미술가로서의 전문적인 자질을 육성해야 합니다.,국민대학교,"미술, 윤리","예술교과 : 미술<br>사회교과 : 생활과 윤리, 윤리와 사상<br>교양교과 : 철학, 심리학, 교육학","미술 창작, 미술 감상과 비평",예체능계열,예체능계열
