majorSeq,major,interest,property,공통과목,일반선택과목,진로선택과목,lClass,class_type
10,간호학과,"인체나 질병, 생명 등에 대한 관심이 있고, 남을 도와주는 것을 좋아하는 사람이면 좋습니다. 간호학은 기초 의학 분야를 공부하기 때문에 생물이나 화학 등의 교과목을 잘해야 하고, 병원에서 다양한 사람과 아픈 환자들을 만나고 함께 생활해야 하기 때문에 대인 관계 능력이 좋아야 합니다.",신체적으로나 정신적으로 건강하게 일생을 살아가는 것은 가장 큰 복이라고 할 수 있습니다. 아픈 사람을 돌보며 다른 사람을 도우며 사는 삶에 대해 배울 수 있는 곳이 간호학과입니다. 과거에는 여성들만 진학하는 학과라는 편견이 있었지만 남성들도 점차 많이 진학하고 있습니다.,"영어, 과학, 윤리","영어교과 : 영어Ⅰ, 영어Ⅱ, 영어 독해와 작문<br>과학교과 : 생명과학Ⅰ, 화학Ⅰ<br>사회교과 : 생활과 윤리, 윤리와 사상<br>교양교과 : 철학, 심리학","생명과학Ⅱ, 화학Ⅱ",의약계열,이과계열
17,건축공학과,"평소 주변에서 흔히 볼 수 있는 다양한 건축물에 대해 관심이 있다거나. 사진 또는 그림 그리기를 좋아하는 경우 건축계획과 건축설계 과목을 배우는데 도움이 됩니다. 건축공학은 구조역학, 재료공학, 각종 시험 등 수학 및 물리적인 지식을 많이 요구하는데 학교에서 수학이나 물리, 화학 등의 과목을 잘하면 도움이 됩니다. 건축설계나 구조분석 등을 위해 Auto CAD, 3D Max, 스케치업, 레빗 등과 같은 PC용 전문 프로그램을 많이 사용하는데 평소 PC 사용에 익숙하고 새로운 프로그램을 이용 하는 것에 두려움이 없으면 도움이 됩니다.","건축공학은 우리 주변에서 흔히 볼수 있는 주택ㆍ아파트, 학교, 사무실, 스포츠 경기장 등 여러 형태와 용도를 가진 하나의 건축물이 만들어지기까지 필요한 기술과 방법을 배우는 학문이라 볼 수 있습니다. 최근에는 건축과 관련된 경제, 경영, 건설IT 등 융복합 내용까지 다루고 있습니다. 이에 반해 건축학과는 공학적 지식과 함께 인간의 문화와 역사, 예술사와 철학등을 포함한 문화ㆍ사회적인 분야까지 보다 포괄적으로 배우는 것이 다른 점이라 할 수 있습니다.  ","수학, 사회, 과학, 기술ㆍ가정","수학교과 : 수학ⅠㆍⅡ, 미적분, 확률과 통계<br>사회교과 : 한국지리, 세계지리, 사회ㆍ문화<br>과학교과 : 물리학Ⅰ, 화학Ⅰ, 지구과학Ⅰ<br>기술ㆍ가정교과 : 기술ㆍ가정, 정보","실용수학, 기하, 수학과제 탐구, 사회문제 탐구, 물리학Ⅱ, 화학Ⅱ, 지구과학Ⅱ, 생활과 과학, 융합과학, 공학 일반",공학계열,이과계열
20,건축학과,"건축은 일상생활에 밀접한 관계를 갖고 있어 문화와 예술을 반영하므로, 사회현상이나 문화?예술과 관련된 분야에 폭넓은 관심을 가지고 있으면 좋습니다. 건축 공간을 상상하고 구성해 볼 수 있는 공간 지각력,과 건축물의 실내외 구성에 필요한 미술 감각, 그리고 사용 목적에 맞는 건축물을 만들기 위한 여러 분야에 대한 폭넓은 관심과 자료수집 능력이 필요합니다. 건축물을 설계하는데 필요한 다양한 프로그램을 쉽게 배울수 있도록 컴퓨터 활용능력도 갖추면 좋습니다.","건축ㆍ건설 기술은 우리 생활과 삶의 방식을 기초로 빠르게 발전하여 다양화, 첨단화, 정보화되고 있습니다. 건축 설계에 따른 구조 설계, 건축 시공과 건축물의 관리까지 전 분야에 걸쳐 ICT 기술을 활용하고 있습니다. 최근에는 BIM(Building Information Modeling) 설계, 증강현실(AR)과 가상현실(VR)을 이용한 건축 설계, 3D프린터를 활용한 건축 3D모델링, 드론을 활용한 건축 측량, 사물인터넷(IoT)을 활용한 건축 공간 구성, 인공지능(AI)을 활용한 건축 법규 검토 등 최신 기술이 건축학과에 접목하여 사용되고 있습니다.","수학, 사회, 과학, 기술ㆍ가정","수학교과 : 수학ⅠㆍⅡ, 미적분, 확률과 통계<br>사회교과 : 한국지리, 세계지리, 사회ㆍ문화<br>과학교과 : 물리학Ⅰ, 화학Ⅰ, 지구과학Ⅰ<br>기술ㆍ가정교과 : 기술ㆍ가정, 정보","실용수학, 기하, 수학과제 탐구, 사회문제 탐구, 물리학Ⅱ, 화학Ⅱ, 지구과학Ⅱ, 생활과 과학, 융합과학, 공학 일반",공학계열,이과계열
21,게임공학과,"PC나 모바일, 게임 기기를 이용한 게임을 좋아하고 특히 게임을 직접 개발 하는 것에 흥미를 가진 사람에게 유리합니다. 게임 소프트웨어를 개발하기 위해서는 프로그래밍 개발 언어를 배워야 하는데 이에 필요한 논리적인 사고능력과 게임기획자, 게임 디자이너와 함께 일하는 만큼 팀에서 의사소통하면서 역할을 할 수 있는 능력이 필요합니다. ","게임공학은 스마트폰, 게임콘솔, VR기기, 컴퓨터 등 다양한 기기에서 작동하는 게임개발에 필요한 프로그래밍 방법과 게임 기획에 대해 배우게 됩니다. 게임 기획은 크게 전반적인 게임구성과 규칙을 만드는 시스템 기획자와 게임의 난이도, 사용자의 플레이 패턴 등을 기획하는 레벨기획자로 구분되기도 합니다. 게임기획부터 개발, 디자인에 이르기까지 게임과 관련된 폭넓은 지식을 배우는 것이 게임공학과의 특성이라 할 수 있습니다.","수학, 과학, 예술, 생활ㆍ교양, 사회, 국어","수학ㆍ과학교과 : 수학Ⅰ, 수학Ⅱ, 확률과 통계, 물리학Ⅰ, 지구과학Ⅰ<br>예술ㆍ사회교과 : 미술, 연극, 음악, 사회문화, 생활과 윤리, 세계사, 경제<br>생활ㆍ교양교과 : 정보, 심리학, 논술, 인문학적 감성과 역사이해, 문학적 감성과 상상력","미술창작, 미술/음악 감상과 비평, 사회문제 탐구, 고전 읽기, 융합 과학, 지식재산 일반, 창의 경영, 수학탐구 과제, 기하",공학계열,이과계열
30,고분자공학과,"평소 사물에 대한 관심이나 재료와 재질에 대해 알아보길 좋아하고, 각종 측정이나 반복적인 실험과 같은 일에도 질리거나 지치지 않는 사람에게 적합합니다. 여러 공학적 문제를 해결하기 위한 창의력과 분석적 사고, 수리적 사고, 기초 과학 분야에 대한 지식이 필요합니다. ","고분자는 지구상에 존재하는 거의 모든 제품에 사용되는 재료로 자동차 타이어, 우주선 기체의 복합재료, 스텔스 항공기용 페인트, 유기반도체, 연료전지, 투명전극 등 가정용품 부터 첨단산업제품 까지 산업 전 분야에 걸쳐 광범위하게 사용되고 있습니다. 고분자 공학은 주로 고분자 재료와 특성, 관련 이론을 공부하는 것이 신소재 공학이나 재료공학과와 다른 점이라 할 수 있습니다.","수학, 과학, 기술ㆍ가정","수학교과 : 수학Ⅰ, 수학Ⅱ, 미적분, 확률과 통계<br>과학교과 : 물리학Ⅰ, 화학Ⅰ<br>기술ㆍ가정교과 : 기술ㆍ가정, 정보","기하, 물리학Ⅱ, 화학Ⅱ, 공학 일반",공학계열,이과계열
35,공업화학과,"주변에서 볼 수 있는 각종제품의 재료에 대해 관심을 갖거나, 새로운 제품의 재질에 흥미를 느끼는 사람에게 적합합니다. 공업화학은 화학공정을 연구하거나 이에 필요한 장비를 설계하고 개발 하므로 분석적인 사고와 창의력이 필요하고 여러 분야의 공학기술자와 팀으로 작업하는 경우가 많으므로 대인관계능력도 필요합니다. ","새로운 제품개발, 제조기술 개발, 화학기술 분야 전반에서 전문화와 첨단화가 가속되고 있습니다. 고무줄처럼 늘어나는 고효율배터리, 전류가 통하는 유기 전자 소재인 OLED, 투명하거나 접을 수 있는 디스플레이 개발 등 공업화학과 새로운 화학재료의 발전은 지속되고 있습니다.  ","과학, 수학, 교양, 영어","과학교과 : 화학Ⅰ, 생명과학Ⅰ, 물리Ⅰ, 지구과학Ⅰ<br>수학교과 : 수학Ⅰ, 수학Ⅱ, 미적분, 확률과 통계<br>교양교과 : 논리학, 철학, 환경, 논술, 보건학","화학Ⅱ, 물리Ⅱ, 융합과학, 과학사, 생활과 과학, 기하, 공학 일반, 사회문제 탐구",공학계열,이과계열
55,광학공학과,"광학기술을 활용하여 카메라, 레이저 등 각종 장비와 제품을 만드는 일을 하므로 새로운 것에 호기심이 많고, 지식을 배우고 익히는 것을 좋아하는 사람에게 유리합니다. 직접 배운 것을 실생활에 응용하여 생각할 수 있는 응용력과 창의력이 있으면 좋습니다. 그리고 물리, 수학 등의 기초 과목을 잘하면 유리합니다.","최근 5G인터넷이 서비스되고 6G인터넷 기술개발과 사물 인터넷 등 네트워크 분야는 빠른 속도로 변화하고 있습니다. 또, 정밀한 가공 기술로 다양한 제품을 생산할 수 있는 레이저 기술, 대용량 데이터를 먼 곳까지 빠른 속도로 보낼 수 있는 광 케이블 기술, 우주 관측에 필요한 우주용 렌즈 등에도 응용되고 있습니다. 따라서 앞으로 다양한 전자 ㆍ 통신 분야에서 광학 공학을 공부한 전문가에 대한 수요가 높을 것으로 예상됩니다.","수학, 과학, 기술ㆍ가정","수학교과 : 수학ⅠㆍⅡ, 미적분, 확률과 통계<br>과학교과 : 물리학Ⅰ, 화학Ⅰ<br>기술ㆍ가정교과 : 기술ㆍ가정, 정보","기하, 물리학Ⅱ, 화학Ⅱ, 공학 일반",공학계열,이과계열
10142,교양공학부,"주변에서 흔히 볼 수 있는 자동차, 각종 제품, 건물에 적용된 새로운 공학기술에 대한 관심과 공한분야 전반에 대해 흥미를 가지고 좋아하는 사람에게 유리합니다. 공학분야는 수학, 과학, 화학, 물리 등의 과목을 잘하거나, 실험과 실습, 새로운 기술을 개발하는 등 이를 위한 창의력이나 논리적인 사고능력이 필요합니다.",교양공학부는 공학계열 내의 다양한 전공학과에 대한 전문과정의 기초를 닦는 것을 목적으로 하기 때문에 저학년일때는 전반적인 공학 분야에 공통된 기초 과목을 수강하다가 학년이 올라갈수록 특정 공학 전공을 선택할 수 있는 과정으로 구성된 학부입니다.,"수학, 사회, 과학, 기술ㆍ가정","수학교과 : 수학ⅠㆍⅡ, 미적분, 확률과 통계<br>사회교과 : 한국지리, 세계지리, 세계사, 경제, 사회문화, 생활과 윤리<br>과학교과 : 물리학Ⅰ, 화학Ⅰ, 지구과학Ⅰ<br>기술ㆍ가정교과 : 기술ㆍ가정, 정보","실용수학, 기하, 경제수학, 수학과제 탐구, 물리학Ⅱ, 화학Ⅱ, 지구과학Ⅱ, 생활과 과학, 융합과학, 공학 일반, 사회문제 탐구",공학계열,이과계열
10144,교양생활과학부,"사람들의 실생활과 밀접한 연관을 지닌 의식주를 다루는 학과이기 때문에 기본적으로 사람들에 대한 관심을 지녀야 하며, 자신이 어느 분야에 흥미를 지니고 있는지 살펴볼 필요가 있습니다. 고학년에 진학하였을 때 식품영양, 의류, 아동가족학 등의 세부 전공을 선택해야 하고 실기와 연관된 부분이 많기 때문에 손재주를 갖추면 도움이 될 수 있습니다.  ","아동ㆍ가족, 가족자원관리ㆍ소비자, 식품ㆍ영양ㆍ단체급식, 패션디자인ㆍ패션비즈니스ㆍ의류과학에 관련된 기초이론과 전문지식을 교육함으로써 각 영역에서 필요로 하는 전문인 양성을 목표로 합니다. ","과학, 생활ㆍ교양, 사회","과학교과 : 생명과학Ⅰ, 화학Ⅰ, 물리Ⅰ<br>생활ㆍ교양교과 : 기술가정, 정보, 보건학, 환경, 심리학, 교육학, 실용 경제<br>사회교과 : 사회문화, 생활과 윤리, 정치와 법","생명과학Ⅱ, 화학Ⅱ, 융합과학, 생활과 과학, 농업생명과학, 가정과학",자연계열,이과계열
10146,교양자연과학부,과학적 기본원리를 이해하고 창의력과 문제해결능력을 지닌 학생으로서 자연과학에 대해 관심과 소양을 지니고 있지만 뚜렷한 분야를 아직 정하지 못한 학생이라면 관심가질 수 있습니다. ,"대학에 입학할 때 전공을 확정하기보다는 1학년 과정에 주로 인문과학, 사회과학, 자연과학 및 예체능의 각 계열에 속하는 과목을 균형 있게 편성한 일반 교양과목과 일부 전공기초 과목을 수강하고, 상위 학년으로 진급함에 따라 점차 개인의 흥미 혹은 적성을 고려한 전공 영역 과목을 수강함으로써 대학 3, 4학년 때 본인의 최종적인 전공을 확정하는 ‘학부제’를 적용하는 방식입니다.","사회, 생활ㆍ교양","사회교과 : 한국지리, 세계지리, 사회문화, 생활과 윤리<br>생활ㆍ교양교과 : 심리학, 환경","여행지리, 사회문제 탐구",자연계열,이과계열
61,교통공학과,"교통수단(자동차, 지하철, 기차, 비행기)에 대한 관심과 교통 시스템 체계 등에 대한 호기심과 관심이 있는 사람에게 좋습니다. 평소 우리 사회의 사물이나 상황을 거시적으로 볼 줄 알고, 다양한 문제를 논리적으로 생각하고 판단하고 해결할 수 있는 능력이 있으면 좋습니다.","교통공학과는 교통 문제의 근본적인 원인을 파악하고 문제 해결을 위한 여러 방법과 체계를  배우는 학과입니다. 최근에는 자율주행차, 초고속 인터넷, 빅데이터 및 인공지능을 활용한 교통 인프라 구축, 지능형 교통 체계 마련, 미래 교통과 관련된 다양한 연구 등 4차 산업 핵심 기술과 접목되고 있습니다. ","수학, 사회, 과학, 기술ㆍ가정","수학교과 : 수학ⅠㆍⅡ, 미적분, 확률과 통계<br>과학교과 : 물리학Ⅰ, 화학Ⅰ<br>사회교과 : 한국지리, 세계지리, 경제, 사회문화<br>기술ㆍ가정교과 : 기술ㆍ가정, 정보","실용 수학, 기하, 수학과제 탐구, 물리학Ⅱ, 화학Ⅱ, 생활과 과학, 융합과학, 공학 일반, 사회문제 탐구",공학계열,이과계열
10038,국방기술학과,"전기나 전자분야, 기계장치들을 전자적으로 조종하는 것을 좋아하는 사람에게 유리합니다.  
새로운 전술이나 무기를 개발하기 위해 여러 분야의 기술을 융합하여 창의적으로 생각하는 능력이 필요힙니다. ","국방기술학과는 무기체계의 연구개발, 생산, 운용, 유지와 정비에 기여할 실무형 기술 인재 양성을 교육목표로 하고 있습니다. 최근에는 4차산업 관련 기술을 국방기술 분야에 빠르게 적용하고 있습니다. 해안경계용 수직이착륙 드론, 원거리 정찰용 소형무인기, 무인무기체계 기술개발, VR활용 군사훈련 등 다양한 기술개발이 이뤄지고 있습니다. ","수학, 과학, 기술ㆍ가정","수학교과 : 수학ⅠㆍⅡ, 미적분, 확률과 통계<br>과학교과 : 물리학Ⅰ, 화학Ⅰ<br>기술ㆍ가정교과 : 기술ㆍ가정, 정보","기하, 물리학Ⅱ, 화학Ⅱ, 공학 일반",공학계열,이과계열
79,금속공학과,"평소 흔히 볼 수 있는 각종 사물의 재료에 대해 호기심과 관심이 많은 사람에게 유리합니다.  
사물을 이루는 재료들에 대해 체계적으로 분석할 수 있는 능력과 수학, 화학, 물리 등 이공계 기초 과목을 잘하는 사람에게 유리합니다.","재료공학은 금속재료, 세라믹재료, 고분자재료 등의 재료 전반에 대해 다루는데 이중 금속재료를 위주로 배우는 학과가 금속공학과라 할 수 있습니다. 금속공학과는 다양한 금속 재료들의 성질을 이해하고 조합하여 새로운 금속 소재를 개발하는 이론을 배우고 연구합니다. 최근에는 3D프린터에 사용되는 금속 재료의 개발, 꿈의 탄소 소재로 불리는 그래핀의 개발 등 앞으로도 금속공학과의 전망은 밝을 것으로 예상됩니다. ","수학, 과학, 기술ㆍ가정","수학교과 : 수학ⅠㆍⅡ, 미적분, 확률과 통계<br>과학교과 : 물리학Ⅰ, 화학Ⅰ<br>기술ㆍ가정교과 : 기술ㆍ가정, 정보","기하, 물리학Ⅱ, 화학Ⅱ, 공학 일반",공학계열,이과계열
86,기계공학과,"평상시 기계장치, 자동차, 전기, 전자 등 기술 분야에 관심을 갖거나 흥미를 느끼는 경우에 유리합니다. 
기계공학의 기본이 되는 수학과 물리학을 잘하며, 기계의 작동 원리에 대한 논리력, 도면을 입체로 생각해 볼 수 있는 공간지각력과 이해력이 높으면 좋습니다.","최근에는 4차산업혁명 관련 기술인 인공지능과 로봇 기술, 빅데이터 및 클라우드 컴퓨팅 기술을 활용한 자동화 생산설비 개발과 자율주행 자동차와 선박 개발 등 대부분의 산업에서 기계공학 기술이 활용되고 있습니다. 기계공학은 기계설계부터 제작, 재료에 대한 이해부터 열역학까지 기계공학의 전반에 대한 내용을 다루고 있어서 기계 설계를 중점적으로 다루는 기계설계공학과는 차이가 있습니다.  ","수학, 과학, 기술ㆍ가정","수학교과 : 수학ⅠㆍⅡ, 미적분, 확률과 통계<br>과학교과 : 물리학Ⅰ, 화학Ⅰ<br>기술ㆍ가정교과 : 기술ㆍ가정, 정보","기하, 물리학Ⅱ, 화학Ⅱ, 공학 일반",공학계열,이과계열
88,기계설계공학과,"평상시 기계장치, 자동차, 전기, 전자 등 기술 분야에 관심을 갖거나 흥미를 느끼는 경우에 유리합니다. 
기계의 작동 원리에 대한 논리적 분석, 기계설계 도면을 입체적으로 생각해 볼 수 있는 공간 지각력과 도면에 대한 이해력이 높으면 좋습니다.","최근에는 기계설계분야에도 4차산업혁명 관련 기술이 활용되면서 설계한 기계장치를 3D프린터로 출력해 미리 제작해 보는 경우도 있습니다. 복잡한 기계도면을 사람 손으로 그리지 않고 컴퓨터를 활용해 CAD와 CATIA 등과 같은 전문설계 프로그램을 사용하기도 합니다. 기계설계공학은 기계 설계와 관련된 주요 이론과 실습을 하고, 기계공학은 기계설계, 제작, 금속재료에 대한 이해부터 열역학까지 기계공학 전반에 대한 내용을 다루고 있는 것이 두학과의 차이라 할 수 있습니다. ","수학, 과학, 기술ㆍ가정","수학교과 : 수학ⅠㆍⅡ, 미적분, 확률과 통계<br>과학교과 : 물리학Ⅰ, 화학Ⅰ<br>기술ㆍ가정교과 : 기술ㆍ가정, 정보","기하, 물리학Ⅱ, 화학Ⅱ, 공학 일반",공학계열,이과계열
96,나노공학과,"나노기술을 이용해 새로운 것을 만드는 나노 공학 분야에 대해 관심이 있고 화학이나 수학 등 기초적인 과학 과목에 관심이 많은 사람에게 유리합니다. 나노 기술은 기존의 다양한 재료 분야에서 새롭게 적용되는 경우가 많으므로, 기존 재료에 대한 논리적인 이해와 새로운 나노 기술을 개발하는데 필요한 창의적인 사고능력, 반복적인 실험을 꾸준히 해낼 수 있는 끈기와 노력이 필요합니다.","나노공학은 화학, 화학공학, 생물학, 재료공학, 물리학, 의학, IT 등 다양한 분야를 연구 개발하는 기술로 융합적 성격을 가진 공학 분야라 할 수 있습니다. 나노 기술을 활용한 탄소소재 개발, 항체 진단 키트, 나노입자 섬유 등 새로운 소재 및 제품이 끊임없이 개발되고 있습니다.","수학, 과학, 기술ㆍ가정","수학교과 : 수학ⅠㆍⅡ, 미적분, 확률과 통계<br>과학교과 : 물리학Ⅰ, 화학Ⅰ, 생명과학Ⅰ<br>기술ㆍ가정교과 : 기술ㆍ가정, 정보","실용수학, 기하, 수학과제 탐구, 물리학Ⅱ, 화학Ⅱ, 생명과학Ⅱ, 생활과 과학, 융합과학, 공학 일반",공학계열,이과계열
10049,냉동공조공학과,"평소 기계장치나 각종 설비, 특히 어떠한 장소나 공간 자체에 관심이 많은 사람에게 유리합니다. 냉동공조공학은 건축물 또는 공간의 도면을 보고 이해할 수 있는 공간지각능력과 다양한 문제를 기계, 건축, 설비, 공조장치, 배관 등의 관련 기술을 기반으로 해결하기 위한 지식과 논리적이고 합리적 사고 능력이 필요합니다. ","반도체나 첨단 제품을 만들기 위해서는 미세한 먼지 하나 없는 공간을 만들고 이 공간 안에서 제품 생산이 원활하게 이루어 질 수 있는 환경을 만들어야 합니다. 냉동공조 공학은 이러한 첨단 분야 뿐만 아니라 대형 선박이나 건물의 공조설비나 에어컨에 이르기까지 활용되는 분야가 다양합니다. 최근에는 사물인터넷, IT, 컴퓨터, 네트워크, 데이터 분석 기술이 개발되고 사용되고 있습니다.","수학, 사회, 과학, 기술ㆍ가정","수학교과 : 수학ⅠㆍⅡ, 미적분, 확률과 통계<br>사회교과 : 한국지리, 세계지리, 경제, 사회문화, 생활과 윤리<br>과학교과 : 물리학Ⅰ, 화학Ⅰ, 생명과학Ⅰ, 지구과학Ⅰ<br>기술ㆍ가정교과 : 기술ㆍ가정, 정보","실용수학, 기하, 경제수학, 수학과제 탐구, 물리학Ⅱ, 화학Ⅱ, 생명과학Ⅱ, 지구과학Ⅱ, 생활과 과학, 융합과학, 공학 일반, 사회문제 탐구",공학계열,이과계열
104,농공학과,"농업에 대한 관심과 애정을 지녀야 하며, 향후 직업인으로서 농촌에서 일할 기회가 많기 때문에 친화력, 의사소통 능력이 필요합니다. 공학적 지식과 기술의 응용이 필요한 분야임으로 기계를 다루는 손기술이나 관련 기초 소양이 있으면 도움이 됩니다. ","학습 내용상 크게 농업토목과 농업기계 두 분류로 구분되며 최근에는 학교에 따라 전공을 세부적으로 구분하거나 또는 공학 관련 학과로 통합하여 운영하기도 합니다. 최근에는 농업토목공학, 지역시스템공학, 지역건설공학와 같은 다양한 명칭으로 개설되어 있는 경우가 많다는 점을 참고할 필요가 있습니다. ","과학, 윤리, 교양, 수학","과학교과 : 화학Ⅰ, 생명과학Ⅰ<br>사회교과 : 생활과 윤리, 사회문화, 윤리와 사상<br>교양교과 : 환경, 보건학, 철학, 생활과 창의성, 논술","생명과학Ⅱ, 융합과학, 생활과 과학, 화학Ⅱ, 농업생명과학, 사회문제 탐구",자연계열,이과계열
111,대기과학과,"자연 현상에 관심을 지니고 대기 현상이 일어나는 원인을 파악하고자 하는 호기심을 지녀야 합니다. 대기오염이나 미세먼지 등과 같은 문제에 대한 개선 방안을 도출하기 위한 탐구 정신도 필요합니다. 전공 학습에 있어서 물리, 자연, 수학 관련 지식이 필요하기 때문에 관련 교과에 대한 역량과 적성이 있으면 도움이 됩니다. ",최근 인간의 경제ㆍ사회 활동에서 기상의 중요성이 크게 인식되고 대기 오염이 날로 심각해지고 있기에 대기에 관한 연구의 필요성은 더욱 커지고 있습니다. ,"과학, 수학, 교양, 영어","과학교과 : 지구과학Ⅰ, 물리Ⅰ, 화학Ⅰ, 생명과학Ⅰ<br>수학교과 : 수학Ⅰ, 수학Ⅱ, 미적분, 확률과 통계<br>교양교과 : 환경, 보건학, 논술","지구과학Ⅱ, 융합과학, 생활과 과학, 과학사, 기하, 공학 일반, 수학과제 탐구",자연계열,이과계열
118,도시공학과,"평소 도시의 기능이나 역할에 관심이 많고, IT분야< 토목, 건축, 기계와 관련된 분야에 관심이 있는 경우 유리합니다. 그리고 법, 행정, 사회, 경제와 같은 사회 과목에도 흥미가 있으면 좋습니다. 도시공학은 사람들이 생활하는 도시를 계획하고 설계하는 일을 하므로 공간 지각 능력이 필요하며, 다양한 도시문제를 해결하기 위해 여러 분야에 대한 관심과 창의력을 가지고 도시 공간을 생각 할 수 있는 능력도 필요합니다. ","전 세계 인구의 50%, 우리나라 인구의 91.8%는 도시에 살고 있습니다. 도시공학과는 새로운 도시를 계획하고 만들거나 기존 도시의 특정한 지역에 집중된 인구를 여러 지역으로 나누는 일을 합니다. 최근에는 최신IT기술과 인공지능, 빅데이터 등을 활용하여 스마트 횡단보도, 인공지능 기반 CCTV 서비스,. 개인 이동수단 스마트 보관소등 도시에 IT기술을 활용한 사례도 늘고 있습니다.  ","수학, 사회, 과학, 기술ㆍ가정","수학교과 : 수학ⅠㆍⅡ, 미적분, 확률과 통계<br>사회교과 : 한국지리, 세계지리, 세계사, 경제, 사회문화, 생활과 윤리<br>과학교과 : 물리학Ⅰ, 화학Ⅰ, 지구과학Ⅰ<br>기술ㆍ가정교과 : 기술ㆍ가정, 정보","실용수학, 기하, 경제수학, 수학과제 탐구, 물리학Ⅱ, 화학Ⅱ, 지구과학Ⅱ, 생활과 과학, 융합과학, 공학 일반, 사회문제 탐구",공학계열,이과계열
126,동물자원학과,"평소에 동물에 관심을 가지고 있고 실험ㆍ실습에 흥미가 있다면 이 학과에 관심을 가져볼만 합니다. 동물을 자원으로 다루는 만큼 영농ㆍ축산업과 밀접한 관련이 있기 때문에 농촌에 대한 애정과 관심이 필요합니다. 생명과 관련된 전공이므로 화학, 생물과 같은 기초 과학 과목을 좋아하고 잘하면 좋습니다. ","동물자원학과는 동물학, 화학, 경제학뿐만 아니라 동물생명공학, 동물환경공학, 동물사료공학, 생리활성 및 기능성 물질의 이용에 관한 지식을 배워 활용하기 때문에 다양한 분야에 응용되어 적용할 수 있습니다. ","과학, 교양, 사회, 수학","과학교과 : 생명과학Ⅰ, 화학Ⅰ<br>생활ㆍ교양교과 : 환경, 보건학, 논술, 생활과 창의성, 정보<br>사회교과 : 사회문화, 생활과 윤리, 정치와 법","생명과학Ⅱ, 융합과학, 생활과 과학, 화학Ⅱ, 농업생명과학, 고전과 윤리",자연계열,이과계열
532,디지털콘텐츠학과,"스마트폰, 노트북, 텔레비전 등 다양한 기기를 통해 디지털 미디어를 접하게 되는데 이러한 콘텐츠의 제작과정이나 기획하는 것에 관심이 많은 사람에게 유리합니다. 디지털콘텐츠 제작에 필요한 최신 제작기법, 디지털기술이나 트렌드 등에 대한 지식과 새로운 콘텐츠를 만들어 낼 수 있는 창의력과 기획력, 다양한 분야의 전문가와 함께 일할 때 반드시 필요한 대인관계 능력과 의사소통 능력이 필요합니다.","일상생활에서 가상 현실, 증강 현실, 스마트폰, 4D영화, 게임, 디지털 음악 등의 디지털 콘텐츠 산업이 차지하는 비중이 점차 증가하고 있습니다. 세계 및 국가 경제에 있어서도 디지털 콘텐츠는 매우 중요한 역할을 하고 있습니다. 최근 우리나라가 제작한 드라마나 영화, 음원 등의 콘텐츠가 전 세계적으로 인기를 얻으면서 콘텐츠의 기획 및 제작 분야에 대한 관심이 커지고 있습니다. ","수학, 과학, 예술, 생활ㆍ교양, 사회, 국어","수학ㆍ과학교과 : 수학Ⅰ, 수학Ⅱ, 확률과 통계, 물리학Ⅰ, 지구과학Ⅰ<br>예술ㆍ사회교과 : 미술, 연극, 음악, 사회문화, 생활과 윤리, 세계사, 경제<br>생활ㆍ교양교과 : 정보, 심리학, 논술, 인문학적 감성과 역사이해, 문학적 감성과 상상력","미술창작, 미술/음악 감상과 비평, 사회문제 탐구, 고전 읽기, 융합 과학, 지식재산 일반, 창의 경영, 기하, 수학탐구 과제",공학계열,이과계열
10116,로봇공학과,"로봇공학은 기계나 로봇을 다루는 일이므로 기계, 로봇, 인공지능과 같은 분야를 좋아하는 사람에게 유리합니다.  다양한 사물에 대한 호기심과 창의력, 꾸준한 실험과 방법을 찾는 능력을 갖춘 사람에게 적합합니다. 물리, 수학 등 기초 과목을 잘하면 도움이 됩니다.","로봇공학은 자동차나 항공기, 우주선등 첨단제품과 일반 가전제품을 만드는 공장에서 쓰이는 로봇, 우주를 탐사하고 자료를 수집하는 우주 로봇 등 다양한 로봇에 대해서 연구합니다. 현재 로봇은 인공지능 기술의 발달, 사물인터넷, 빅데이터, 드론, 무인 자동차, 스마트 팩토리 등 관련 기술이 발달하면서 로봇이 활용될 분야도 점점 확대되고 있습니다. ","수학, 과학, 기술ㆍ가정","수학교과 : 수학ⅠㆍⅡ, 미적분, 확률과 통계<br>과학교과 : 물리학Ⅰ, 화학Ⅰ, 생명과학Ⅰ<br>기술ㆍ가정교과 : 기술ㆍ가정, 정보","기하, 수학과제 탐구, 물리학Ⅱ, 화학Ⅱ, 생명과학Ⅱ, 생활과 과학, 융합과학, 공학 일반",공학계열,이과계열
10120,말특수동물학과,"평소에 말이나 반려동물, 야생동물 등에 관심이 있고, 동물들과 지내는 것에 흥미가 있다면 이 학과에 관심을 가져 볼 만합니다. 생물이나 화학 등 자연과학 분야에 재능이 있다면 학과 공부에 도움이 됩니다. 특히, 동물에 대한 친숙함과 친화력을 지니고 있다면 졸업 후 해당 분야 직업인으로서 생활하는 데 좋습니다.","사회가 고도화되면서 말 산업과 특수동물(반려동물,야생동물, 실험동물) 산업이 차세대 산업으로 부각되고 있습니다. 특수동물은 축산 농가의 고소득을 창출하는 등 새로운 동물자원으로 재평가되고 있으며 말ㆍ특수동물학과의 희소성도 긍정적으로 주목받을 전망입니다.","영어, 수학, 과학, 윤리","영어교과 : 영어Ⅰ, 영어Ⅱ, 영어 독해와 작문<br>수학교과 : 수학Ⅰ, 수학Ⅱ, 미적분, 확률과 통계<br>과학교과 : 생명과학Ⅰ, 화학Ⅰ<br>사회교과 : 생활과 윤리, 윤리와 사상<br>교양교과 : 철학, 심리학","생명과학Ⅱ, 화학Ⅱ",자연계열,이과계열
149,멀티미디어학과,"평소 최신 유행이나 문화현상에 대해 관심이 많고 문화와 관련된 영화 감상, 독서, 미술 및 각종 전시나 공연 관람 등을 문화와 관련된 활동을 좋아하는 사람에게 유리합니다. 새로운 콘텐츠를 만들기 위한 창의적이고 유연한 사고와 아이디어를 영상, 웹툰, 캐릭터, 애니메이션 등과 같은 다양한 콘텐츠로 만들어 내고 조화롭게 구성해 낼 수 있는 창의력과 예술 시각 능력이 필요합니다.","멀티미디어 기술은 컴퓨팅 기술과 정보통신 기술의 발전에 따라 영향을 많이 받는 분야입니다. 3D 모델링, 게임, 애니메이션, 가상 및 증강현실 콘텐츠, 실시간 인터넷 방송 콘텐츠 제작 등 매우 다양한 분야에 관련이 있습니다. 최근에는 멀티미디어 콘텐츠를 손쉽게 제작 할 수 있는 소프트웨어 개발에 대한 비중도 커지고 있습니다. 앞으로도 멀티미디어에 대한 수요는 계속 이어질 것으로 예상됩니다.","수학, 과학, 예술, 생활ㆍ교양, 사회, 국어","수학ㆍ과학교과 : 수학Ⅰ, 수학Ⅱ, 확률과 통계, 물리학Ⅰ, 지구과학Ⅰ<br>예술ㆍ사회교과 : 미술, 연극, 음악, 사회문화, 생활과 윤리, 세계사, 경제<br>생활ㆍ교양교과 : 정보, 심리학, 논술, 인문학적 감성과 역사이해, 문학적 감성과 상상력","미술창작, 미술/음악 감상과 비평, 사회문제 탐구, 고전 읽기, 융합 과학, 지식재산 일반, 창의 경영, 기하, 수학탐구 과제",공학계열,이과계열
151,메카트로닉스공학과,"평소에 기계, 전기, 전자 및 컴퓨터, 로봇, 무선조종, 각종 센서 등을 다루는 데관심이 많거나, 이러한 것들을 활용하여 제품을 개발하는 것에 관심이 있는 사람에게 유리합니다. 특히, 수학이나 과학 과목을 잘하거나 컴퓨터 프로그램에 대한 이해가 있고 다양한 분야의 기술을 활용 할 수 있는 융ㆍ복합적인 사고를 할 수 있는 사람에게 적합합니다.","메카트로닉스는 기계공학과 전자공학의 합성어입니다. 메카트로닉스공학과는 융합 학문적인 성격을 갖고 있어 여러 분야에 활용되고 있습니다. 반도체공학과 관련이 깊은 나노메카트로닉스공학과, 의료분야와 관련된 의용메카트로닉스공학과, 광학ㆍ전자ㆍ바이오와 관련된 광메카트로닉스공학과 등 다양한 학문과 융합된 학과라는 특성을 갖고 있습니다.    ","수학, 과학, 기술ㆍ가정","수학교과 : 수학ⅠㆍⅡ, 미적분, 확률과 통계<br>과학교과 : 물리학Ⅰ, 화학Ⅰ<br>기술ㆍ가정교과 : 기술ㆍ가정, 정보","기하, 물리학Ⅱ, 화학Ⅱ, 공학 일반",공학계열,이과계열
10118,모바일시스템공학과,"스마트폰, 태블릿PC, 노트북, 각종 모바일 기기나 기능과 기술, 작동에 관심을 갖고 좋아하는 사람에게 유리합니다. 특히, 컴퓨터나 모바일 기기를 사용 특성을 이해하고 창의적인 아이디어를 내거나 프로그램을 설계하는 능이 있다면 좋습니다.","스마트 기기의 보급으로 모바일 앱을 통한 음식 주문, 택시 호출 및 예약, 식당이나 점포 예약, 온라인 쇼핑과 장보기 등 스마트 기기에서 일상생활에 필요한 거의 모든 것을 해결 할 수 있는 시대입니다. 이 학과는 이러한 기술발전과 시대 변화에 따라 2000년대 후반부터 신설되어 IT분야에서 응용 분야로 꾸준한 역할을 하고 있습니다. 스마트 기기는 제조 기술과 인터넷 기술은 계속 발전하고 있어 모바일 시스템 공학의 중요성도 계속 될 것으로 보입니다.","수학, 과학, 기술ㆍ가정","수학교과 : 수학Ⅰ, 수학Ⅱ, 미적분, 확률과 통계<br>사회교과 : 한국지리, 세계지리, 경제, 사회문화, 생활과 윤리<br>과학교과 : 물리학Ⅰ<br>기술ㆍ가정교과 : 기술ㆍ가정, 정보","실용 수학, 기하, 수학과제 탐구, 물리학Ⅱ, 생활과 과학, 융합과학, 공학 일반",공학계열,이과계열
21008,무인항공학과,"평소 드론에 취미가 있거나, 주변에 있는 다양한 기계들의 작동 원리에 대해 흥미가 있으면 좋습니다. 무인항공기와 관련된 기본적인 지식을 이해하고 논리적으로 생각할 수 있는 능력이 필요 합니다.","무인항공기는 군사, 재난 구조, 항공 촬영, 택배, 건축물 구조안전진단, 농업, 여가 활동 등에서 다양한 분야에서 활용범위가 커지고 있습니다. 최근 국내에서 개발한 태양광 무인항공기 운항시간이 32시간을 기록하였고, 무인 드론 택배 배송 서비스가 도입되는 등 무인항공기 국내 기술과 서비스도 계속 발전하고 있습니다. 무인항공 분야의 기술발전과 다양한 분야에 활용되면서 창의성을 갖춘 인재를 요구하고 있습니다. ","수학, 과학, 기술ㆍ가정","수학교과 : 수학ⅠㆍⅡ, 미적분, 확률과 통계<br>과학교과 : 물리학Ⅰ, 화학Ⅰ, 지구과학Ⅰ<br>기술ㆍ가정교과 : 기술ㆍ가정, 정보","실용 수학, 기하, 수학과제 탐구, 물리학Ⅱ, 화학Ⅱ, 지구과학Ⅱ, 생활과 과학, 융합과학, 공학 일반, 농업 생명과학",공학계열,이과계열
172,물류시스템공학과,"평소에 물류분야와 각종 재화의 효율적인 이동 경로를 생각하는 것에 흥미가 있고, 국내 및 해외의 곳곳을 이동하여 생활하는 것에 흥미가 있는 사람에게 유리합니다. 특히, 수학적 계산과 컴퓨터 조작에 필요한 기술을 갖고 있거나, 국외 기업체나 해외 물류와 관련된 활동을 위한 외국어 능력이 요구되기도 합니다.","국내의 물류 기반은 어느 정도 갖추어져 있지만, 물류시스템의 효율화에 대한 기술 발전은 꾸준히 이루어 지고 있습니다. 최근에는 인공지능 기술을 활용해 물류 수요를 미리 예측하고 관련 상품을 미리 확보해 고객에게 전달하는 시스템이 개발되어 활용될 정도로 물류 시스템은 계속 성장하고 있습니다. ","수학, 사회, 과학, 기술ㆍ가정","수학교과 : 수학ⅠㆍⅡ, 미적분, 확률과 통계<br>사회교과 : 한국지리, 세계지리, 경제, 사회문화, 생활과 윤리<br>과학교과 : 물리학Ⅰ, 화학Ⅰ, 생명과학Ⅰ, 지구과학Ⅰ<br>기술ㆍ가정교과 : 기술ㆍ가정, 정보","실용수학, 기하, 경제수학, 수학과제 탐구, 물리학Ⅱ, 화학Ⅱ, 생명과학Ⅱ, 지구과학Ⅱ, 생활과 과학, 융합과학, 공학 일반, 사회문제 탐구",공학계열,이과계열
176,물리치료학과,"물리치료사는 병원에서 환자를 대하는 시간이 많은 직업으로 다양한 사람들과 대면해야 하므로 평소 대인관계가 원만하고 사람들과 의사소통이 원만한 사람이면 좋습니다. 인체의 움직임에 대해서 많이 배우고, 학습 내용이 실제 현장에서 활용되는 경우가 많기 때문에 다양한 환경에 대한 적응력이 필요합니다.","인간의 수명 연장으로 은퇴 후 여가생활에 대한 관심이 높아지면서 물리치료에 대한 수요가 점진적으로 늘어나고 있습니다. 이와 더불어 노인 및 장애인 복지 문제, 근로자들의 산업 환경 및 직업병 문제, 건강관리 등과 함께 인체의 회복을 다루는 전문 분야로 물리치료학이 떠오르고 있습니다.","영어, 과학","영어교과 : 영어Ⅰ, 영어Ⅱ, 영어 독해와 작문<br>과학교과 : 생명과학Ⅰ<br>체육교과 : 체육, 운동과 건강","생명과학Ⅱ, 스포츠 생활, 체육 탐구",의약계열,이과계열
177,물리학과,"자연 현상에 대해 끊임없는 호기심과 열정을 가진 사람이면 좋습니다. 물리계의 운동을 이해할 수 있는 논리적인 사고와 수리력이 필요하며, 눈에 보이지 않는 세계를 이해할 수 있는 창의적인 사고, 주위 현상에 대한 관찰력을 갖춘 학생에게 유리하며, 다양한 분야를 잘하기보다, 흥미 있어 하는 특정한 분야를 깊게 파고드는 성향의 학생에게 적합합니다. ",물리학은 모든 자연 현상에서 나타나는 일들을 과학적으로 증명하고 법칙으로 설명할 수 있기 때문에 과학의 기본이라고 할 수 있습니다. 과학 기술의 혁신을 위하여 기초 과학과 응용 기술을 합치는 것이 중요해지면서 물리학의 중요성이 더욱 강조되고 있습니다. ,"과학, 수학, 교양, 정보, 영어","과학교과 : 물리Ⅰ, 화학Ⅰ, 생명과학Ⅰ, 지구과학Ⅰ<br>수학교과 : 수학Ⅰ, 수학Ⅱ, 미적분, 확률과 통계<br>생활ㆍ교양교과 : 정보, 논리학, 철학, 논술","물리학Ⅱ, 융합과학, 과학사, 생활과 과학, 수학과제 탐구, 기하, 경영수학",자연계열,이과계열
21010,미생물학과,"미생물학을 전공하기 위해서는 생명현상에 큰 관심을 가져야 하며, 보이지 않는 작은 생명체의 비밀을 탐구하려고 하는 의지가 있어야 합니다. 미생물의 모양과 생물학적 특성을 조사하고 탐구하기 위해서는 신중하고 세심해야 하는 동시에 관찰을 즐기고 자료를 잘 정리하는 습관이 필요합니다. ","지구상의 많은 종류의 미생물중에 지금까지 알려진 것은 1%에 불과하다고 합니다. 미생물은 인간의 생활과 많은 연관성이 있기 때문에 중요한 분야 중 하나이며, 아직도 개척해야 할 부분이 무궁무진하다고 볼 수 있습니다. ","과학, 윤리, 교양, 수학","과학교과 : 생명과학Ⅰ, 화학Ⅰ<br>사회교과 : 생활과 윤리, 사회문화, 윤리와 사상<br>교양교과 : 보건학, 환경, 철학, 생활과 창의성, 인문학적 감성과 역사 이해","생명과학Ⅱ, 융합과학, 생활과 과학, 화학Ⅱ, 농업생명과학, 고전과 윤리",자연계열,이과계열
195,반도체학과,"평소 컴퓨터나 전자제품의 작동원리와 부품구성, 새로운 제품이나 구현 기술 등에 관심이 많은 사람에게 유리합니다. 반도체 공학은 새로운 소재 개발이나 기존 제품의 성능을 개선하기 위한 연구개발과 실험을 하는 일이 많으므로 논리적인 사고 능력과 꼼꼼하고 차분한 성격의 학생에게 적합합니다. ","반도체는 각종 전자제품이 작동할 수 있도록 하는 핵심 부품으로 메모리 반도체와 비메모리(시스템) 반도체로 구분됩니다. 메모리 반도체는 RAM, ROM, Flash Memory 등이 있고, 비메모리 반도체는 CPU, GPU, MPU, AP, CMOS 등이 있습니다. 우리나라는 메모리 반도체 분야에서 전세계 시장 점유율 70% 이상차지하고 있고, 비메모리 반도체 분야는 투자를 확대하고 있어 반도체학과의 전망은 밝을 것으로 예상됩니다.","수학, 영어, 과학, 기술ㆍ가정","수학교과 : 수학ⅠㆍⅡ, 미적분, 확률과 통계<br>영어교과 : 영어 회화, 영어Ⅰ, 영어 독해와 작문, 영어Ⅱ<br>과학교과 : 물리학Ⅰ, 화학Ⅰ<br>기술ㆍ가정교과 : 기술ㆍ가정, 정보","기하, 수학과제 탐구, 영어권 문화, 물리학Ⅱ, 화학Ⅱ, 공학 일반",공학계열,이과계열
10012,방사선학과,"방사선학은 자연과학이 기초가 되므로 생물학, 물리학 등의 과목에 흥미를 가지며, 방사선을 이용하여 질병을 진단하고 치료를 하므로 기계장비 조작에 관심이 있는 학생이면 좋습니다. 병원현장에서 검사 과정에 응용하기 위해서는 세심한 주의력, 정확성, 침착함을 갖추는 것이 중요합니다.","방사선학은 치료방사선 분야에서 암 치료 등에 많이 활용되면서 의학기술의 발전과 함께 발전하고 있습니다. 방사선 촬영 및 투시, CT(컴퓨터단층촬영), MRI(자기공명영상), 초음파 등의 다양한 첨단장비를 이용한 진단방사선분야 또한 질병 진단에 꼭 필요한 기술로 자리 잡았습니다.","영어, 과학","영어교과 : 영어Ⅰ, 영어Ⅱ, 영어 독해와 작문<br>과학교과 : 화학Ⅰ, 생명과학Ⅰ<br>교양교과 : 심리학","화학Ⅱ, 생명과학Ⅱ",의약계열,이과계열
210,보건관리학과,"여러 사람들을 만나 그들의 건강 상태를 살펴주어야 하므로 사람들을 만나고 대화하기를 좋아하는 사람이면 좋습니다. 상황판단력과 순발력이 필요하며, 상담, 심리 등에 관한 지식과 기본적인 의료 상식이 있어야 합니다. 건강을 저해하는 요인들을 연구하고 적용하는 분야이므로 안전이나 위생을 잘 이해하는 학생에게 적합합니다.","사회가 발전함에 따라 국민의 건강에 대한 인식이 높아져 보건ㆍ복지 서비스의 요구가 늘어나고, 보건 의료 기관에서도 고도의 전문성을 갖춘 보건ㆍ의료 행정 책임자를 요구하고 있습니다. 건강증진과 삶의 질 향상에 대한 요구 증가와 함께 보건전문인에 대한 수요 역시 날로 증가하고 있습니다.","영어, 수학, 과학, 정보","영어교과 : 영어Ⅰ, 영어Ⅱ, 영어 독해와 작문<br>수학교과 : 수학Ⅰ, 수학Ⅱ, 미적분, 확률과 통계<br>과학교과 : 화학Ⅰ, 생명과학Ⅰ<br>기술ㆍ가정교과 : 정보","화학Ⅱ, 생명과학Ⅱ. 지식 재산 일반",의약계열,이과계열
10119,사이버국방학과,"인터넷이나 컴퓨터 정보기술, 사이버 해킹 대회, 컴퓨터 보안 문제, 컴퓨터 백신 개발 등에 흥미가 있는 사람에게 유리합니다. 컴퓨터 프로그래밍 언어에 대한 기초 지식을 가지고 있거나 각종 프로그램 개발 논리를 평소에 생각해보는 노력이 필요하고. 국방 관련 분야이므로 투철한 국가관과 국방에 대한 지식도 필요합니다.","디도스 공격, 금융 전산망 해킹, 개인정보의 대규모 유출사고 등 사이버 정보보안 관련 문제가 발생하면서 국가적으로도 정보보안에 대한 지원과 관심이 높아지고 있습니다. 사물인터넷, 무인자동차, 정찰용 드론 등 정보기술 발전이 가속화 될수록 정보 보안 인력에 대한 수요도 늘어날 전망입니다.","수학, 사회, 과학, 기술ㆍ가정","수학교과 : 수학Ⅰ, 수학Ⅱ, 미적분, 확률과 통계<br>사회교과 : 한국지리, 세계지리, 경제, 사회문화, 생활과 윤리<br>과학교과 : 물리학Ⅰ, 화학Ⅰ<br>기술ㆍ가정교과 : 기술ㆍ가정, 정보","실용 수학, 기하, 수학과제 탐구, 물리학Ⅱ, 화학Ⅱ, 생활과 과학, 융합과학, 공학 일반, 사회문제 탐구",공학계열,이과계열
245,산림자원학과,"평소에 식물 및 에너지 등 자원에 대해 관심이 있거나, 실험ㆍ실습에도 흥미가 있다면 이 학과에 관심을 가져 볼 만합니다. 특히 기초 과학 분야에 능력이 있고 공학적인 마인드가 있다면 이 학과 공부에 도움이 됩니다. 자원에 대한 분석과 연구를 위해서는 실험ㆍ실습 능력이 필요합니다.  ","현대 사회에서 참살이(well-being)와 여가에 대한 관심이 높아진 만큼, 산림 자원이 주는 혜택을 지속 가능하게 유지하는 것은 중요한 문제가 되었습니다. 산림자원학과는 무궁무진한 자원을 지닌 산림에 대해 연구하고 보호ㆍ관리한다는 측면에서 우리 모두에게 중요한 기능을 하는 전공이라고 볼 수 있습니다.  ","과학, 교양, 사회, 영어","과학교과 : 생명과학Ⅰ, 화학Ⅰ, 지구과학Ⅰ, 물리Ⅰ<br>교양교과 : 환경, 보건학, 논술, 철학, 생활과 창의성, 진로와 직업, 실용경제 <br>사회교과 : 한국지리, 세계지리, 경제, 생활과 윤리","생명과학Ⅱ, 융합과학, 생활과 과학, 화학Ⅱ, 농업생명과학, 공학일반, 창의경영, 여행 지리, 실용수학",자연계열,이과계열
250,산업공학과,"평소 수치적인 계산을 통한 합리적인 의사결정을 좋아하거나, 일의 처리 과정을 효율화하는 것에 흥미가 있는 사람은 관심을 가져 볼 만합니다. 특히 공학과 경영의 적성을 모두 가진 사람에게 유리합니다. 수리에 능하고 체계적으로 일의 프로세스를 설계하는 능력이 있는 사람에게 적합합니다.","산업공학을 공과대학 내의 경영학이라고 합니다. 이는 현장의 산업 기술을 공학적 기법으로 경영하는 방법을 탐구하기 때문입니다. 이 학과는 전통적인 공학과는 다르게 특정 산업에 국한되지 않고, 전 분야에 사용되는 시스템적 접근법과 분석적 방법론을 배우는 곳입니다.","수학, 사회, 과학, 기술ㆍ가정","수학교과 : 수학ⅠㆍⅡ, 미적분, 확률과 통계<br>사회교과 : 한국지리, 세계지리, 경제, 사회문화, 생활과 윤리 <br>과학교과 : 물리학Ⅰ, 화학Ⅰ<br>기술ㆍ가정교과 : 기술ㆍ가정, 정보","실용수학, 기하, 경제수학, 수학과제 탐구, 물리학Ⅱ, 화학Ⅱ, 생활과 과학, 융합과학, 공학 일반, 사회문제 탐구, 창의 경영, 지식 재산 일반",공학계열,이과계열
260,생명공학과,"어떤 현상에 대해 집중하여 깊이 파고들고 생물에 대한 호기심을 지닌 사람에게 적합합니다. 원리 탐구에 대한 끈기, 집중력과 성실성이 필요합니다. 생명을 직접적으로 다루는 학문이기 때문에 높은 수준의 윤리의식도 필요합니다. ","생명체를 연구한다는 점에 있어서는 생물학, 생명과학과와 유사하지만, 생물학과 생명과학과가 기초과학에 보다 방점을 두고 생명 그 자체에 대해 연구하는 반면 생명공학과는 생명과학에서 얻은 지식을 응용하는 것에 초점이 있다는 점에 다소 차이가 있습니다.   ","수학, 과학, 기술ㆍ가정","수학교과 : 수학ⅠㆍⅡ, 미적분, 확률과 통계<br>과학교과 : 화학Ⅰ, 생명과학Ⅰ<br>기술ㆍ가정교과 : 기술ㆍ가정, 정보","기하, 수학과제 탐구, 화학Ⅱ, 생명과학Ⅱ, 생활과 과학, 융합과학, 공학 일반",자연계열,이과계열
261,생명과학과,"평소에 생명체의 생명 현상에 대하여 관심이 있다면 이 학과에 관심을 가져 볼 만합니다. 생명 현상을 이해하기 위해서는 창의적인 문제 제기나 자기 주도적인 문제 해결 능력이 있다면 도움이 됩니다. 특히, 실험이나 연구의 원인을 꼼꼼히 분석하고 반복적인 실험을 계속하는 인내심을 가진 학생이라면 더욱 좋습니다.",생명과학과는 대체로 기존의 생물학과에서 발전된 경우가 많습니다. 따라서 기초 과학과 생물학에 깊게 기반하고 있습니다. 최근 생명 현상의 연구가 삶에 유익하고 산업에 이용 가능하게 되면서 생명과학의 중요성이 높아지고 있기 때문에 생명과학 분야는 미래성장 동력으로서 향후 발전 가능성이 높습니다.,"과학, 윤리, 교양, 수학","과학교과 : 화학Ⅰ, 생명과학Ⅰ<br>사회교과 : 생활과 윤리, 사회문화, 윤리와 사상<br>교양교과 : 환경, 보건학, 철학, 생활과 창의성, 논술","생명과학Ⅱ, 융합과학, 생활과 과학, 화학Ⅱ, 농업생명과학, 사회문제 탐구",자연계열,이과계열
10048,생물산업기계공학과,"평소 생물, 물리, 기계 ㆍ 기술 등의 과학 분야 과목을 좋아하며 농산물상품 제조 및 공정에 관심이 있으면 좋습니다. 또한 사물, 도구, 기계 및 동물들에 대한 명확하고 질서정연하며 체계적인 조작을 필요로 하는 활동들을 선호하는 학생에게 적합합니다. 복잡한 기계의 관찰과 수리에 적합한 강한 인내심과 꼼꼼함, 적응력과 자기통제능력 등을 필요로 합니다. ",공학과 농ㆍ생물 자원을 함께 아우르는 학문 특성상 진출분야가 포괄적입니다. 기계 및 공학 분야 중에서도 농기계를 연구개발하는 내용을 다루는 고유의 학과 특성이 있다는 점을 이해하고 세부 학과 전공을 탐색할 필요가 있습니다. ,"수학, 과학, 기술ㆍ가정","수학교과 : 수학ⅠㆍⅡ, 미적분, 확률과 통계<br>과학교과 : 화학Ⅰ, 생명과학Ⅰ<br>기술ㆍ가정교과 : 기술ㆍ가정, 정보","기하, 수학과제 탐구, 화학Ⅱ, 생명과학Ⅱ, 생활과 과학, 융합과학, 공학 일반",자연계열,이과계열
265,생물학과,"평소에 식물, 동물 및 인간의 생명 현상에 관심이 많다면 이 학과에 관심을 가져 볼 만합니다. 생명 현상을 단순히 받아들이기보다는 왜 그럴까’라는 의문을 갖고 밝혀내는 끈기있는 학생이라면 생물학과가 적합합니다. 특히 생물이나 화학과 같은 기초 과학 분야에 적성이 있다면 학과 공부에 도움이 됩니다. ","최근 생물학과는 첨단 과학의 접근 방법을 사용하여생명 현상의 본질을 탐구합니다. 기본 생물학 교과외에도 분자생물학, 유전공학, 면역학 등 생명과학을 공부합니다. 특히, 최근 DNA 마이크로칩, 생명정보과학, 조직재생공학과 같은 의생명과학 분야나 생태환경과학 분야도 특성화되고 있습니다. ","과학, 윤리, 교양, 수학","과학교과 : 생명과학Ⅰ, 화학Ⅰ<br>사회교과 : 생활과 윤리, 사회문화, 윤리와 사상<br>교양교과 : 보건학, 환경, 철학, 생활과 창의성, 인문학적 감성과 역사 이해","생명과학Ⅱ, 융합과학, 생활과 과학, 화학Ⅱ, 농업생명과학, 고전과 윤리",자연계열,이과계열
267,생화학과,"기본적으로 생물학, 화학 두 분야와 밀접한 연관이 있기 때문에 해당 과목들에 대한 관심이 필요합니다. 어떤 현상에 대해 반복적인 실험을 진행하고 결과를 기다려야 하기 때문에 끈기와 인내심이 필요합니다. ","구조생물학, 유전체학, 단백체학, 면역학, 바이러스학 등 다양한 영역에서 일어나는 생화학적 반응을 연구하기 때문에 생명과학과 현대의학 분야의 발전에 많은 공헌을 했다고 평가되었으며, 앞으로도 많은 연구가 이루어질 분야로 보여집니다.  ","과학, 윤리, 교양, 수학","과학교과 : 생명과학Ⅰ, 화학Ⅰ<br>사회교과 : 생활과 윤리, 사회문화, 윤리와 사상<br>교양교과 : 보건학, 환경, 철학, 생활과 창의성, 인문학적 감성과 역사 이해","생명과학Ⅱ, 융합과학, 생활과 과학, 화학Ⅱ, 농업생명과학, 고전과 윤리",자연계열,이과계열
279,섬유공학과,"옷의 재질과 디자인, 색상에 대해서 관심이 있거나 화학, 물리, 수학과 같은 기초 과학 과목에 흥미가 있으면 도움이 됩니다. 평소 새로운 것에 대한 호기심이 많거나 새로운 소재를 개발하고 다양한 공학적 문제를 해결하기 위한 창의력을 가진 사람에게 적합합니다.","섬유는 의복을 만드는 합성섬유 뿐만 아니라, 섬유에 LED를 넣은 LED섬유, 전기적인 기능이 들어간 스마트 섬유, 비행기나 우주선 제조에 사용되는 탄소섬유와 특수섬유 등 전기, 전자, 항공, 화학, 패션 등 다양한 분야에서 섬유공학 기술이 사용되고 있습니다. 따라서 섬유공학과는 앞으로도 다양한 부가가치를 만들어 내는 학과로 전망됩니다.","수학, 과학, 기술ㆍ가정","수학교과 : 수학ⅠㆍⅡ, 미적분, 확률과 통계<br>과학교과 : 물리학Ⅰ, 화학Ⅰ, 생명과학Ⅰ<br>기술ㆍ가정교과 : 기술ㆍ가정, 정보","기하, 물리학Ⅱ, 화학Ⅱ, 생명과학Ⅱ, 공학 일반",공학계열,이과계열
285,세라믹공학과,"유리나 도자기와 같은 세라믹 재료의 제품이 만들어지는 과정, 제조원리 등에 관심이 많은 사람에게 유리합니다.
세라믹 제조 과정은 새로운 재료 개발과 제품을 만들기 위한 다양한 연구와 실험을 하게되는데 이를 잘 수행하기 위해 논리적으로 생각 할 수 있는 능력과 다양한 문제 해결을 위한 창의력이 필요합니다. ","세라믹은 도자기, 유리, 시멘트와 같은 전통적인 재료와 차세대 반도체 재료, 광섬유, 고온 초전도체, 전기자동차용 전지 재료, 인조 뼈와 치아, 고강도 기계 부품 재료, 우주선 단열타일 및 발사용 내열재료, 원자로의 구조물과 같은 최첨단 세라믹 재료로 구분되고 종류도 다양합니다. 거의 모든 산업 분야에 세라믹 재료가 사용되고 있습니다.","수학, 영어, 과학, 기술ㆍ가정","수학교과 : 수학ⅠㆍⅡ, 미적분, 확률과 통계<br>영어교과 : 영어 회화, 영어Ⅰ, 영어 독해와 작문, 영어Ⅱ<br>과학교과 : 물리학Ⅰ, 화학Ⅰ<br>기술ㆍ가정교과 : 기술ㆍ가정, 정보","기하, 수학과제 탐구, 영어권 문화, 물리학Ⅱ, 화학Ⅱ, 공학 일반",공학계열,이과계열
10015,소방방재학과,"평소 각종 재난이나 사건 사고, 화재의 예방과 원인 등에 대해 관심을 가진 사람에게 유리합니다. 소방방재학은 각종 재난을 사전에 예방하고 방지하기 위해 기계,, 전기, 재료, 소방 분야에 대한 지식과 창의적인 사고능력 및 문제 해결을 위한 논리적인 사고 능력이 필요합니다.","소방방재 분야에도 IT기술과 네트워크, 인공지능, 사물인터넷을 활용한 기술이 개발되고 사용되고 있습니다. 단순히 집안이나 건물에 설치된 화재 감지기가 아닌 사물인터넷과 IT기술, 센서기술, 데이터 분석 기술을 활용하여 화재를 예방하는데 활용되고 있습니다. ","수학, 과학, 기술ㆍ가정","수학교과 : 수학ⅠㆍⅡ, 미적분, 확률과 통계<br>과학교과 : 물리학Ⅰ, 화학Ⅰ, 생명과학Ⅰ<br>기술ㆍ가정교과 : 기술ㆍ가정, 정보","기하, 물리학Ⅱ, 화학Ⅱ, 생명과학Ⅱ, 생활과 과학, 융합과학, 공학 일반",공학계열,이과계열
290,소프트웨어공학과,"IT 기술을 이용한 컴퓨터나 각종 장비, 스마트 기기, 무인 키오스크 등의 작동을 시켜주는 여러 소프트웨어나 작동원리에 관심을 갖고 좋아하는 사람에게 유리합니다. 소프트웨어를 개발하기 위해서는 컴퓨터 프로그래밍 언어를 배워야 하는데 이에 필요한 논리적인 사고 능력과 여러 복잡한 문제를 소프트웨어를 통해 해결해 낼수 있는 창의력도 필요합니다. ","소프트웨어공학은 전 산업 분야에서 정보시스템과 정보기술 도입의 중요성이 커지고 있습니다. 회사에서 이루어지는 대부분의 업무가 컴퓨터와 소프트웨어를 이용하고 있고, 업무에 관련된 소프트웨어가 없이는 일을 할 수 없을 정도로 중요성이 커지고 있습니다. 따라서 소프트웨어 개발과 유지ㆍ운영에 대한 수요도 지속적으로 증가하고 있습니다.","수학, 과학, 기술ㆍ가정","수학교과 : 수학Ⅰ, 수학Ⅱ, 미적분, 확률과 통계<br>사회교과 : 한국지리, 세계지리, 경제, 사회문화, 생활과 윤리<br>과학교과 : 물리학Ⅰ<br>기술ㆍ가정교과 : 기술ㆍ가정, 정보","실용 수학, 기하, 수학과제 탐구, 물리학Ⅱ, 생활과 과학, 융합과학, 공학 일반",공학계열,이과계열
21014,수산학과,해저 환경과 수산물에 대한 호기심과 관심을 지니는 사람에게 추천할 만 합니다. 생물을 끊임없이 연구하는 자세가 필요하며 생명 과목에 대한 기초적인 소양이 필요합니다. 생물에 관한 실험과 실습을 진행하거나 직접 수산물을 다루는 것에 대한 거부감이 없으면 도움이 됩니다. ,"우리나라는 삼면이 바다로 이루어져 있기 때문에 수산자원의 효율적인 이용이 중요하며 이에 지속적으로 관심을 받아온 학과입니다. 최근에는 수산생명, 해양생산과 같은 명칭으로 개설되어 있는 경우가 많으며 크게 수산생물의 치료 또는 가공으로 구분된다는 점을 참고하여 세부적인 학과정보를 탐색할 필요가 있습니다. ","과학, 윤리, 교양, 수학","과학교과 : 화학Ⅰ, 생명과학Ⅰ<br>사회교과 : 생활과 윤리, 사회문화, 윤리와 사상<br>교양교과 : 환경, 보건학, 철학, 생활과 창의성, 논술","생명과학Ⅱ, 융합과학, 생활과 과학, 화학Ⅱ, 농업생명과학, 사회문제 탐구",자연계열,이과계열
296,수의학과,"평소 동물을 돌보거나 치료하는 것에 흥미가 있다면 이 학과에 관심을 가져 볼 만합니다. 기초과학뿐 아니라 생물, 화학 등에 관한 적성이 있다면 학과 공부에 도움이 됩니다. 그리고 실험이나 연구에 소질이 있다면 동물 치료나 생명공학 연구를 하는 데에 도움이 됩니다.","최근 새로운 동물 유래 질병이 나타나고, 동물을 활용하여 인간에게 유익한 의약품 개발이나 첨단생명공학 연구 등이 이루어지고 있습니다. 따라서 수의학과의 위상과 역할도 확대되고 있으며, 단순한 동물 질병치료가 아니라 각종 생명공학 연구로 그 범위가 확대되고 있습니다.","영어, 수학, 과학, 윤리","영어교과 : 영어Ⅰ, 영어Ⅱ, 영어 독해와 작문<br>수학교과 : 수학Ⅰ, 수학Ⅱ, 미적분, 확률과 통계<br>과학교과 : 생명과학Ⅰ, 화학Ⅰ<br>사회교과 : 생활과 윤리, 윤리와 사상<br>교양교과 : 철학, 심리학","생명과학Ⅱ, 화학Ⅱ",자연계열,이과계열
298,수학과,"문제의 해답을 얻는 것보다 이를 해결하고 증명해 나가는 과정을 중요하게 여기고, 또 이러한 문제 해결과정을 재미있게 느끼는 사람이면 좋습니다. 논리적인 사고와 분석력, 추리력을 갖추고 있어야 하며, 현대수학은 컴퓨터 활용이 많기 때문에 컴퓨터 활용 능력을 갖추면 공부에 많은 도움이 됩니다.","수학은 많은 현상을 설명하고 예측 가능하게 하기때문에 모든 과학 분야에서 필수적으로 이용됩니다. 수학적 사고력을 바탕으로 한 응용 수학은 컴퓨터, 최첨단 기술, 생명공학 등의 발전과 더불어 자연과학, 공학, 인문과학, 사회과학, 생명공학, 금융공학 등 다양한 분야에 광범위하게 응용되고 있습니다.","수학, 사회, 정보, 과학","수학교과 : 수학Ⅰ, 수학Ⅱ, 미적분, 확률과 통계<br>사회교과 : 사회문화, 경제, 생활과 윤리<br>생활ㆍ교양교과 : 정보, 논리학, 철학, 논술, 실용경제, 교육학","실용수학, 기하, 경제수학, 수학과제탐구, 물리학Ⅱ",자연계열,이과계열
310,시스템경영공학과,"회사가 어떤 방식으로 일을 하고 운영하는지에 대해 관심이 많고, 어떤 일을 해도 효율적인 방법을 찾는 것을 좋아하고, 공학과 경영 분야에 관심이 많은 사람에게 유리합니다. 시스템경영공학은 기업의 복잡하고 다양한 문제를 IT와 컴퓨터 공학기술을 이용해 체계적으로 접근하고 해결 할 수 있는 창의력 및 논리적인 사고 능력이 필요합니다.","시스템경영공학과는 점점 고도화되고 복잡해지는 산업과 생산 환경에 대해 보다 효율적인 시스템 개발과 운영을 위해 최적의 관리 도구나 방법을 개발 합니다. 이를 위해 다양한 최신 공학기술, 수리적 도구와 컴퓨터 응용 기술을 활용합니다. 스마트 팩토리 개발 및 운용 빅데이터를 활용한 경영시스템 개발 등 산업의 전 분야에 걸쳐 활용되고 있습니다. ","수학, 사회, 과학, 기술ㆍ가정","수학교과 : 수학Ⅰ, 수학Ⅱ, 미적분, 확률과 통계<br>사회교과 : 한국지리, 세계지리, 경제, 사회문화, 생활과 윤리<br>과학교과 : 물리학Ⅰ, 화학Ⅰ<br>기술ㆍ가정교과 : 기술ㆍ가정, 정보","실용 수학, 기하, 경제수학, 수학과제 탐구, 물리학Ⅱ, 화학Ⅱ, 생활과 과학, 융합과학, 공학 일반, 사회문제 탐구, 창의 경영, 지식 재산 일반",공학계열,이과계열
311,시스템공학과,"복잡한 문제를 풀거나 해결 방법을 찾는 것을 좋아하고 공학과 제조, 생산, 공정 분야에 관심이 많은 사람에게 유리합니다. 시스템공학 분야는 여러 복잡하고 다양한 문제를 IT와 컴퓨터, 시스템 공학기술을 이용해 체계적으로 접근하고 해결 하는데 이때 창의력 및 논리적인 사고 능력이 필요됩니다.","오늘 주문한 상품이 하루도 안돼서 도착하거나, 저녁에 주문한 상품이 새벽에 도착 할 수 있는 것은 물류 서비스, 인공지능, 빅데이터, IT, 네트워크 기술, 이커머스, 모바일 기술, 자동화 기반 마련 등 시스템 공학적 분석과 접근이 있었기에 가능한 일입니다. 실제로 시스템 공학기술은 우리 생활에 가까운 곳에서 널리 사용되고 있습니다. ","수학, 사회, 과학, 기술ㆍ가정","수학교과 : 수학Ⅰ, 수학Ⅱ, 미적분, 확률과 통계<br>사회교과 : 한국지리, 세계지리, 경제, 사회문화, 생활과 윤리<br>과학교과 : 물리학Ⅰ, 화학Ⅰ<br>기술ㆍ가정교과 : 기술ㆍ가정, 정보","실용 수학, 기하, 경제수학, 수학과제 탐구, 물리학Ⅱ, 화학Ⅱ, 생활과 과학, 융합과학, 공학 일반, 사회문제 탐구, 창의 경영, 지식 재산 일반",공학계열,이과계열
21016,식량자원학과,"자연과 생명을 중시하는 소양을 갖추고 성실한 자세로 꾸준히 노력하며 지식을 습득하려는 자세가 필요합니다. 생명과학과 관련된 분야이기 때문에 기본적으로 생물, 자연 과목에 소양이 있으면 도움이 됩니다.  ","과거의 식량생산업은 영세한 1차 산업으로 여겨졌으나 이제는 고도의 생명과학 및 정보과학기술이 투입되는 첨단종합산업, 건강산업으로 발전해가는 추세를 보입니다. 고품질의 먹을거리를 안정적으로 생산ㆍ공급ㆍ이용하기 위해 유전학 및 생리생화학 지식을 활용한 연구와 실험을 진행합니다.  ","수학, 사회, 과학, 기술ㆍ가정","수학교과 : 수학ⅠㆍⅡ, 미적분, 확률과 통계<br>사회교과 : 한국지리, 세계지리, 경제, 사회문화<br>과학교과 : 물리학Ⅰ, 화학Ⅰ, 생명과학Ⅰ<br>기술ㆍ가정교과 : 기술ㆍ가정, 정보","실용수학, 기하, 수학과제 탐구, 사회문제 탐구, 물리학Ⅱ, 화학Ⅱ, 생명과학Ⅱ, 생활과 과학, 융합과학, 농업 생명과학, 공학 일반, 가정과학",자연계열,이과계열
450,식물자원학과,"자연과 환경을 사랑하는 마음과 관심이 필요합니다. 나무를 비롯한 산림 자원과 풀, 꽃, 채소 등 다양한 식물의 생리를 이해해야 하기 때문에 화학이나 물리, 생물 등 기초과학에 소질이 있으면 도움이 됩니다. 다양한 식물을 관찰하고 자료를 조사하는 능력과 연구를 꼼꼼하게 진행하고 결과를 정확하게 정리하는 능력, 효율성을 도모할 수 있는 아이디어를 지닌 응용력이 필요합니다. ","자연을 보호하면서도 자원을 효율적으로 이용하는 것에 대한 관심이 높아지고 있고, 안전한 먹을거리를 얻는 일이 중요해지고 있어 이를 연구하는 식물자원학은 지속적으로 주목받고 있습니다. ","과학, 교양, 영어","과학교과 : 생명과학Ⅰ, 화학Ⅰ, 지구과학Ⅰ, 물리Ⅰ<br>교양교과 : 환경, 보건학, 논술, 생활과 창의성, 진로와 직업<br>영어ㆍ생활교과 : 영어Ⅰ, 영어Ⅱ, 기술가정, 정보","생명과학Ⅱ, 융합과학, 생활과 과학, 화학Ⅱ, 농업생명과학, 공학일반, 창의경영, 해양문화 기술",자연계열,이과계열
314,식품공학과,"식품공학은 화학과 생화학, 생물학(특히 미생물학) 등 자연과학을 바탕으로 한 공학분야로서 무엇보다도 사물현상에 대한 관찰과 실험을 근간으로 하고 있습니다. 평소 과학적이고 합리적인 사고를 하며 자신이 설정한 목표를 향해 꾸준히 매진하는 성격이라면 도움이 됩니다. 또한 먹을거리를 다루는 학문인 만큼 국민건강을 위해 반드시 위생적이고 안전한 식품을 공급한다는 윤리의식을 갖추어야 합니다.","먹을거리에 대한 관심은 예나 지금이나 항상 사람들의 주요 관심사이며, 인류의 생활에 필수적인 부분입니다. 때문에 식품을 연구하고 활용하는 식품공학과는 계속적으로 발전해 가고, 수요가 지속될 것입니다. 식품공학과는 식품을 효율적이고 과학적으로 생산하는 방법을 배우는 데 중점이 있습니다. ","수학, 사회, 과학, 기술ㆍ가정","수학교과 : 수학Ⅰ,Ⅱ, 미적분, 확률과 통계<br>사회교과 : 한국지리, 세계지리, 사회문화<br>과학교과 : 물리학Ⅰ, 화학Ⅰ, 생명과학Ⅰ<br>기술ㆍ가정교과 : 기술ㆍ가정, 정보","실용수학, 기하, 수학과제탐구, 물리학Ⅱ, 화학Ⅱ, 생명과학Ⅱ, 생활과학, 융합과학, 공학 일반, 사회문제탐구, 가정과학",자연계열,이과계열
318,식품영양학과,"평소에 식품이나 음식을 만들거나 다양한 식품의 성분과 영양소를 파악하는 것에 흥미가 있다면 이 학과에 관심을 가져 볼 만합니다. 특히, 수학, 물리, 화학 등 기초 과학에 대한 능력이 있다면 학과 공부에 도움이 됩니다.  실험ㆍ실습을 수행하는 능력과 끈기가 있다면 도움이 됩니다. ","식품의 다양화 및 외식 산업의 성장 등에 힘입어 식품산업 분야가 주목받고 있습니다. 웰빙, 건강, 유기농, 간편식 등 맞춤형 식품 영양에 대한 수요가 늘어나고 있으며, 최근에는 푸드스타일리스트, 식공간연출가 등 다양한 전문 분야로도 진출 가능합니다. ","과학, 생활ㆍ교양, 사회","과학교과 : 생명과학Ⅰ, 화학Ⅰ, 물리Ⅰ<br>생활ㆍ교양교과 : 기술가정, 정보, 보건학, 환경, 심리학, 교육학, 실용 경제<br>사회교과 : 사회문화, 생활과 윤리, 정치와 법","생명과학Ⅱ, 화학Ⅱ, 융합과학, 생활과 과학, 농업생명과학, 가정과학",자연계열,이과계열
21017,식품자원경제학과,"식품, 농업에 대한 경제학을 공부한다는 측면에서 해당 산업군에 대한 기본적인 흥미가 있어야 하겠습니다. 수학 과목을 좋아하고 소질이 있으면 전공 공부에 도움이 될 수 있습니다. 경제에서의 수요와 공급에 대한 원리를 이해하고 응용할 수 있는 논리적 사고와 추론 능력이 필요합니다.   ","식품자원경제학과는 농업 산업에서부터 식품산업과 자원, 그리고 경제학의 범주를 포함하는 특징을 지닙니다. 농산물의 실수요와 공급을 예측하는데 중점이 있습니다. ","수학, 사회, 과학, 기술ㆍ가정","수학교과 : 수학ⅠㆍⅡ, 미적분, 확률과 통계<br>사회교과 : 한국지리, 세계지리, 경제, 사회문화<br>과학교과 : 물리학Ⅰ, 화학Ⅰ, 생명과학Ⅰ<br>기술ㆍ가정교과 : 기술ㆍ가정, 정보","실용수학, 기하, 수학과제 탐구, 사회문제 탐구, 물리학Ⅱ, 화학Ⅱ, 생명과학Ⅱ, 생활과 과학, 융합과학, 농업 생명과학, 공학 일반, 가정과학",자연계열,이과계열
324,신소재공학과,"새로운 소재를 발견하고 재료에 대한 분석을 하기 위해서는 화학, 물리, 수학과 같은 기초 과학 과목에 흥미를 가지고 좋아해야 합니다. 신소재를 개발은 새로운 기술을 빠르게 받아들이는 능력과 실생활에서 사용하고 있는 다양한 소재에 대한 원리를 잘 이해하고 응용할 수 있는 논리적인 사고와 응용능력이 있으면 좋습니다.","나노기술의 발전, 빅데이터 분석을 통한 실험 연구의 가속화, 항공 및 우주 산업, 바이오 산업 등 관련 산업이  발전하면서 신소재공학과의 중요성도 갈수록 커지고 있습니다. 신소재 공학은 재료 공학의 한 분야이지만 세부적으로 세라믹, 화학공학, 첨단소재, 나노재료 등 폭넓은 지식과 경험을 필요로 하는 학과입니다.","수학, 과학, 기술ㆍ가정","수학교과 : 수학ⅠㆍⅡ, 미적분, 확률과 통계<br>과학교과 : 물리학Ⅰ, 화학Ⅰ, 생명과학Ⅰ<br>기술ㆍ가정교과 : 기술ㆍ가정, 정보","기하, 물리학Ⅱ, 화학Ⅱ, 생명과학, 공학 일반",공학계열,이과계열
7,아동가족학과,"평소 아동을 포함하여 친구, 가족, 주변 사람 등 사람에 대해 관심이 많고 도와주려고 하는 마음이 있다면 관심을 가져볼 수 있습니다. 인간에 대한 사랑과 타인에 대한 배려, 봉사 정신 등이 있다면 학과 공부에 도움이 됩니다. 기술ㆍ가정 교과목이나 심리 및 교육에 적성이 있다면 도움이 됩니다.","아동가족학은 나 자신과 우리 가족, 우리 사회 구성원 모두가 연구대상이며, 우리의 일상과 삶의 모든 단면이 연구주제가 될 수 있습니다. ","사회, 생활ㆍ교양","사회교과 : 사회ㆍ문화, 생활과 윤리<br>기술ㆍ가정교과 : 기술ㆍ가정<br>생활ㆍ교양교과 : 철학, 심리학, 교육학, ","사회문제탐구, 가정과학",자연계열,이과계열
338,안전공학과,"평소 사람의 행동 특성을 관찰하는 데 재미를 느끼거나 각종 사고의 원인이나 예방 등의 활동에 관심을 가진 사람에게 유리합니다. 물리, 화학, 수학 등 자연과학 및 공학의 기초 지식과 인간의 행동을 이해하는 행동 심리학에 대한 지식, 원인과 결과를 생각해 볼 수 있는 논리적이 사고 능력이 필요합니다. ",경제 수준이 높아지고 사회가 발전할수록 안전에 대한 관심과 중요성이 강조됩니다. 최근 기후변화로 인한 자연재해의 증가와 산업 현장에서의 사고 등 안전 분야에 대한 관심이 커지고 있습니다. 타 공학 분야는 세분화된 전문 영역에 집중하는 반면 안전공학과는 여러 학문 분야 지식을 접하고 배운다는 특징이 있습니다,"수학, 사회, 과학, 기술ㆍ가정","수학교과 : 수학ⅠㆍⅡ, 미적분, 확률과 통계<br>사회교과 : 한국지리, 세계지리, 경제, 사회문화, 생활과 윤리<br>과학교과 : 물리학Ⅰ, 화학Ⅰ, 생명과학Ⅰ, 지구과학Ⅰ<br>기술ㆍ가정교과 : 기술ㆍ가정, 정보","실용수학, 기하, 경제수학, 수학과제 탐구, 물리학Ⅱ, 화학Ⅱ, 생명과학Ⅱ, 지구과학Ⅱ, 생활과 과학, 융합과학, 공학 일반, 사회문제 탐구",공학계열,이과계열
341,약학부,"약학과는 화학, 생물학, 물리학 등을 기초로 하는 학문이므로, 약제에 대한 실험이나 실습을 좋아하고 자연 과학 과목에 흥미가 있는 학생이면 좋습니다. 약학과는 꼼꼼하고 침착한 성격이 좋으며 다양한 약제로 실험을 해야 하므로 시각이나 후각 등 감각이 발달한 학생이어야 합니다.",약학은 국민 건강 회복과 유지에 큰 기여를 하고 있는 응용 과학의 한 분야로서 중요한 위치를 차지하고 있습니다. 전 국민 건강 보험 제도와 의약 분업에 따라 전문 약사에 대한 일자리가 늘어날 것으로 예상되기에 더욱 주목받고 있습니다.,"영어, 수학, 과학, 윤리","영어교과 : 영어Ⅰ, 영어Ⅱ, 영어 독해와 작문<br>수학교과 : 수학Ⅰ, 수학Ⅱ, 미적분, 확률과 통계<br>과학교과 : 생명과학Ⅰ, 화학Ⅰ<br>사회교과 : 생활과 윤리, 윤리와 사상<br>교양교과 : 철학, 심리학","생명과학Ⅱ, 화학Ⅱ, 융합과학",의약계열,이과계열
448,에너지자원공학과,"에너지의 생산원리, 전송과정,, 에너지 분야에 대한 관심이 있고, 특히 원자력이나 신재생 에너지에 흥미가 있는 학생들에게 유리합니다. 새로운 것을 발견하고 응용하는 것을 좋아하면 도움이 됩니다. 에너지공학을 공부하기 위해 화학, 수학, 물리 등의 과목을 잘할 수 있으면 유리합니다. 그리고 실험이 많은 분야이므로 차분하고 집중력이 높으면 도움이 됩니다.","최근 세계적으로 기후 변화와 지구 온난화로 인해 폭염이나 홍수 발생으로 많은 사람들이 어려움을 겪고 있습니다. 지구 온난화와 관련이 있는 온실가스 감축, 탄소배출량 감소정책을 통한 탄소배출권 확보 등 기존의 석유 및 화학 연료를 에너지원으로 하는 것이 아닌 태양열, 조력, 풍력 등 신재생 에너지 기술 개발이 국가 발전 및 성장에 매우 중요한 역할을 함에 따라 에너지공학과의 중요성도 계속 커지고 있습니다.","수학, 과학, 기술ㆍ가정","수학교과 : 수학ⅠㆍⅡ, 미적분, 확률과 통계<br>과학교과 : 물리학Ⅰ, 화학Ⅰ<br>기술ㆍ가정교과 : 기술ㆍ가정, 정보","기하, 물리학Ⅱ, 화학Ⅱ, 공학 일반",공학계열,이과계열
10045,예술치료학과,"음악이나 미술과 같은 예술 분야와 사회복지, 심리, 상담 등 다양한 분야에 관심이 있는 학생이면 좋습니다. 마음의 병을 가지고 있는 사람들을 대해야 하기 때문에 다른 사람의 마음을 잘 이해할 줄 알아야 하며, 심리학과 정신의학에 대한 기본 지식이 있어야 합니다.",현대 의학으로 치료할 수 없는 마음의 병에 시달리는 사람들과 재활 치료를 원하는 많은 사람들에게 쉽게 다가갈 수 있는 것은 예술 치료의 장점입니다. 예술치료의 효과가 알려지면서 예술치료사는 새로운 유망 직종으로 급부상하고 있습니다. ,"영어, 과학","영어교과 : 영어Ⅰ, 영어Ⅱ, 영어 독해와 작문<br>과학교과 : 생명과학Ⅰ<br>교양교과 : 심리학",생명과학Ⅱ,의약계열,이과계열
380,우주과학과,"
평소 별자리나 인공위성, 우주선을 좋아하는 학생이라면 관심을 가져볼만 합니다. 아직 밝혀진 부분이 매우 적은 우주를 연구하는 학문인 만큼, 끈기를 지니고 포기하지 않는 탐구 정신이 필요합니다. 우주과학의 기초가 되는 수학, 물리 과목에 적성을 지니고 있으면 도움이 됩니다. 
",인류는 언제나 우주에 대한 호기심을 지니고 있고 현대의 과학기술이 점점 발전하면서 우주연구에 필요한 첨단 과학기술도 함께 발전되고 있기 때문에 관련 지식이 요구됨에 따라 더욱 주목받고 있습니다. ,"수학, 과학, 기술가정","수학교과 : 수학Ⅰ,Ⅱ, 미적분, 확률과 통계<br>과학교과 : 물리학Ⅰ, 화학Ⅰ, 지구과학Ⅰ<br>기술ㆍ가정교과 : 기술가정, 정보","기하, 수학과제 탐구, 물리학Ⅱ, 화학Ⅱ, 지구과학Ⅱ, 생활과 과학, 융합과학, 공학일반",자연계열,이과계열
383,원예학과,"평소에 나무나 채소와 같은 식물을 기르는 것에 관심이 많거나 기초 과학 분야에 흥미가 있다면 이 학과에 관심을 가져 볼 만합니다. 자연과학이나 환경 및 농림 분야에 적성이 있으면 학과 공부에 도움이 됩니다. 생물, 화학, 화학, 물리와 같은 기초 과학 과목에 대한 소양이 있으면 유리합니다. ","최근 바이오 공학의 발전에 따라 산림ㆍ원예 분야에서도 이를 접목한 분야가 주목받고 있습니다. 차세대 친환경 에너지인 산림 바이오매스, 식물 조직 배양, 숲의 치유 기능 등 계속적인 학문적 발전이 이루어지고 있으며 대기오염 등으로 인해 원예에 대한 사람들에 관심도 많아지고 있습니다.  ","과학, 수학, 사회, 생활ㆍ교양","과학교과 : 생명과학Ⅰ, 화학Ⅰ, 물리Ⅰ, 지구과학Ⅰ<br>수학ㆍ사회교과 : 수학Ⅰ, 수학Ⅱ, 확률과 통계, 미적분, 한국지리, 생활과 윤리<br>생활ㆍ교양교과 : 환경, 보건학, 논술, 철학, 정보, 진로와 직업","생명과학Ⅱ, 융합과학, 생활과 과학, 화학Ⅱ, 공학일반, 창의경영, 지식 재산 일반, 농업생명과학, 사회문제 탐구",자연계열,이과계열
384,원자력공학과,"원자력 분야에 대해 관심이 있거나 과학 이론과 원리에 대해 흥미를 가진 사람에게 유리합니다. 수학, 물리학, 화학 등 기초과목을 잘할 수 있어야 하며, 논리적이고 분석적인 사고능력, 창의력과 문제해결능력을 가지고 있는 사람에게 적합하다. ","원자력 공학기술을 활용한 원자력 발전은 국가 핵심 사업으로 지속적인 성장을 해왔으나 기존 원자력 발전소의 노후화, 새로운 발전소 건설의 최소화 등 국가 정책변화에 따라 관련 산업의 발전 여부도 영향을 받는 특성을 가지고 있습니다. ","수학, 과학, 기술ㆍ가정","수학교과 : 수학ⅠㆍⅡ, 미적분, 확률과 통계<br>과학교과 : 물리학Ⅰ, 화학Ⅰ<br>기술ㆍ가정교과 : 기술ㆍ가정, 정보","기하, 수학과제 탐구, 물리학Ⅱ, 화학Ⅱ, 생활과 과학, 융합과학, 공학 일반",공학계열,이과계열
392,유전공학과,"생명과 유전자가 지닌 정보를 탐색하고 연구하고자 하는 흥미를 지녀야 하며, 정교한 실험을 오랜 기간 인내심있게 수행할 수 있는 끈기가 있어야 합니다. 또한 생명 정보를 다루기 때문에 높은 수준의 윤리의식이 필요합니다.  ",우리나라는 고령화시대에 접어들었고 질병과 웰빙에 대한 수요가 그 어느 때보다도 높습니다. 유전공학은 바이오산업과 함께 계속적으로 발전해갈 미래 가치가 높은 대표적인 분야이며 해당 학과에 대한 관심과 인력 수요는 높아질 것으로 기대됩니다. ,"수학, 과학, 기술ㆍ가정","수학교과 : 수학ⅠㆍⅡ, 미적분, 확률과 통계<br>과학교과 : 물리학Ⅰ, 화학Ⅰ, 생명과학Ⅰ<br>기술ㆍ가정교과 : 기술ㆍ가정, 정보","기하, 수학과제 탐구, 물리학Ⅱ, 화학Ⅱ, 생명과학Ⅱ, 생활과 과학, 융합과학, 공학 일반",자연계열,이과계열
10014,응급구조학과,"봉사 및 희생정신을 통해 보람을 느끼며, 생물학이나 물리학 등 자연과학 과목에 흥미를 가지고 있는 학생이면 좋습니다. 긴급 상황에서 침착하게 대처하고 정확하게 판단할 수 있는 능력과 민첩하게 움직일 수 있는 능력이 필요합니다.","최근 각종 사고 발생이 많아지면서 응급의료의 수요가 급증하여 응급구조사의 역할이 더욱 중요해지고 있습니다. 최근에는 일반인에 대한 응급처치 교육을 제공해야 하는 일이 늘어나면서 현장에서 뛰는 응급구조뿐 아니라 응급처치 교육, 응급구조학 연구, 응급구조 행정관리 등 다양한 분야에 대한 탐색이 이루어지고 있습니다.","영어, 과학, 체육","영어교과 : 영어Ⅰ, 영어Ⅱ, 영어 독해와 작문<br>과학교과 : 생명과학Ⅰ<br>체육교과 : 체육, 운동과 건강","생명과학Ⅱ, 스포츠 생활, 체육 탐구",의약계열,이과계열
10117,응용소프트웨어공학과,"컴퓨터, 게임, 스마트 워치, 각종 IT기술이 접목된 장치 등의 기능을 익히고 조작하는 것을 좋아하는 사람에게 유리합니다. 새로운 분야에 대한 호기심이 많고 다양한 기능을 가진 소프트웨어나 게임 등을 개발하는 일이므로 창의력과 논리력이 필요합니다.","클라우드 컴퓨팅, 인공지능, 블록체인, 사물인터넷, 무인자동차, 드론, 가상현실 및 증강현실, 등 IT와 관련된 정보기술은 빠른 속도로 끊임없이 발전하고 있습니다. 다양한 분야에서 응용소프트웨어의 비중이 계속 증가하고 있어 응용소프트웨어공학의 전망도 밝을 것으로 예상됩니다.","수학, 과학, 기술ㆍ가정","수학교과 : 수학Ⅰ, 수학Ⅱ, 미적분, 확률과 통계<br>사회교과 : 한국지리, 세계지리, 경제, 사회문화, 생활과 윤리<br>과학교과 : 물리학Ⅰ<br>기술ㆍ가정교과 : 기술ㆍ가정, 정보","실용 수학, 기하, 수학과제 탐구, 물리학Ⅱ, 생활과 과학, 융합과학, 공학 일반",공학계열,이과계열
404,의료정보공학과,"첨단기술이 이용되는 학문인만큼 컴퓨터나 전자 장비 등의 각종 기계나 장비에 대한 관심이 있고, 정교한 것을 만들고 실험하며 조작하는 것에 흥미가 있으며, 분석하고 측정하는 일을 좋아하는 사람이면 좋습니다. 의학 분야도 함께 공부해야 하므로 생물이나 화학을 잘 하는 학생에게 적합합니다.",의학 분야에 사용되는 첨단 의료기기 개발뿐 아니라 생체 및 인체 특성을 고려한 인공 재료 분야 개발도 의료정보공학에 포함됩니다. 다양한 기술의 발달과 생명연장의 시대에 발맞추어 의료정보공학에 대한 관심도 커지고 있습니다.,"영어, 수학, 과학, 기술가정","영어교과 : 영어Ⅰ, 영어Ⅱ, 영어 독해와 작문<br>수학교과 : 수학Ⅰ, 수학Ⅱ,, 미적분, 확률과 통계<br>과학교과 : 화학Ⅰ, 생명과학Ⅰ<br>기술ㆍ가정교과 : 정보","화학Ⅱ, 생명과학Ⅱ, 지식 재산 일반",의약계열,이과계열
407,의류ㆍ의상학과,"친구들이 오늘은 어떤 색깔, 어떤 모양의 옷을 입고 왔는지에 대하여 관심이 많다면 이 학과에 관심을 가져 볼 만합니다. 새로운 것을 만들어 낼 수 있는 아이디어가 많고 미적 감각이 풍부한 사람들에게 유리합니다. 다시 말해서 상상력이 풍부하고 감성적이어야 합니다. 과제 수행시 기본적인 디자인 능력이 필요하기 때문에 손재주와 실기 능력이 뒷받침되면 도움이 됩니다.  ",현대사회에서는 많은 사람들이 옷을 통하여 나만의 개성을 나타내려고 하기 때문에 패션은 학문을 넘어 일상 속에서도 항상 많은 사람들에게 관심을 받는 분야입니다. ,"예술, 생활ㆍ교양, 사회, 과학, 영어","예술ㆍ과학교과 : 미술, 화학Ⅰ<br>생활ㆍ교양교과 : 기술가정, 심리학, 보건학, 철학, 인문학적 감성과 역사 이해, 정보<br>사회교과 : 사회문화, 경제, 생활과 윤리, 세계사, 동아시아사","미술 감상과 비평, 미술 창작, 사회문제 탐구, 여행지리, 고전과 윤리, 가정 과학, 화학Ⅱ, 융합과학, 생활과 과학, 진로영어",자연계열,이과계열
413,의예과,"인체의 구조와 특성에 관심이 있는 학생이면 좋습니다. 환자를 돌보는 일을 하게 될 것이므로 생명을 소중히 여길 줄 아는 마음과 타인을 위해 봉사할 수 있는 마음이 필요합니다. 의예과 공부를 위해서는 기본적인 과학 지식이 있어야 하고, 수술을 위해서는 정교한 동작을 할 줄 알아야 합니다. 응급상황이 발생했을 때 빠르게 상황을 판단할 줄 아는 능력과 정확하게 대처할 수 있는 능력이 필요합니다.",첨단 과학 기술의 발달로 인해 인간의 수명이 연장되면서 불치병을 고칠 수 있는 의료 기술에 대한 연구가 활발해지고 있습니다. 최근에는 새로운 의학 기술의 습득과 동시에 인간의 기본 권리 및 존엄성을 지킬 수 있는 의료 윤리에 대한 중요성도 강조되고 있습니다.,"영어, 수학, 과학, 윤리","영어교과 : 영어Ⅰ, 영어Ⅱ, 영어 독해와 작문<br>수학교과 : 수학Ⅰ, 수학Ⅱ, 미적분, 확률과 통계<br>과학교과 : 생명과학Ⅰ, 화학Ⅰ<br>사회교과 : 생활과 윤리, 윤리와 사상<br>교양교과 : 철학, 심리학","생명과학Ⅱ, 화학Ⅱ, 융합과학",의약계열,이과계열
414,의용공학과,"의료 및 보건 분야, 공학, 생물학 물리학 등 자연과학에 관심이 있는 학생에게 적합합니다. 기계나 장비 등을 다루거나 정교한 것을 만들고 실험하며 조작하는 능력을 가지고 있는 사람이면 좋습니다.","의용공학은 국민의 의료복지향상을 위해 의학과 공학의 전문기술이 복합된 첨단기술 집약형으로 부가가치가 매우 높은 분야입니다. 의용공학은 정보화 시대의 도래와 함께 개인의 행복, 복지, 건강을 추구하는 사람들의 욕구가 증대됨에 따라 더욱 주목 받고 있습니다.","영어, 과학","영어교과 : 영어Ⅰ, 영어Ⅱ, 영어 독해와 작문<br>과학교과 : 화학Ⅰ, 생명과학Ⅰ","화학Ⅱ, 생명과학Ⅱ",의약계열,이과계열
486,인터넷정보학과,"인터넷이나 컴퓨터를 다루기 좋아하고, 새로운 정보를 인터넷을 통해 검색하고 찾는 일을 좋아하는 사람에게 유리합니다. 인터넷기술은 기본적으로 각종 서버와 시스템에 대한 이해와 지식이 필요하고, 데이터 구조나 정보보호 등의 각종 구조와 절차를 이해할 수 있는 논리적인 사고능력도 필요합니다.","인터넷 정보학과에서는 인터넷 기본개념 및 원리 특성에 대한 기본이론 뿐만 아니라 인터넷 정보보안 및 정보 보호 기술과 방법에 대해서도 배우게 됩니다. 사물인터넷, 클라우드 시스템, 블록체인, 핀테크 등 정보 기술이 점차 발전하면서 정보보안의 중요성도 커지고 있습니다.","수학, 사회, 과학, 기술ㆍ가정","수학교과 : 수학Ⅰ, 수학Ⅱ, 미적분, 확률과 통계<br>사회교과 : 한국지리, 세계지리, 경제, 사회문화, 생활과 윤리<br>과학교과 : 물리학Ⅰ, 화학Ⅰ<br>기술ㆍ가정교과 : 기술ㆍ가정, 정보","실용 수학, 기하, 수학과제 탐구, 물리학Ⅱ, 화학Ⅱ, 생활과 과학, 융합과학, 공학 일반, 사회문제 탐구",공학계열,이과계열
437,임산공학과,목재와 산림 자원을 활용하지만 그만큼 환경을 아끼는 마음도 필요할 것입니다. 공학에 기반한 전공이기 때문에 이학 및 공학 계열에 대한 흥미와 적성을 지니면 도움이 됩니다. 산림자원 및 목재의 생리를 이해하고 다루어야 하기 때문에 화학이나 물리 생물 등의 기초과학에 대한 소질이 필요합니다. ,"친환경 목재자원 이용, 재활용, 신물질, 신재생 에너지와 연관되어 있으며 목재를 가공해서 활용하는 것 자체에 방점이 있습니다.  ","과학, 수학, 사회, 생활ㆍ교양","과학교과 : 생명과학Ⅰ, 화학Ⅰ, 물리Ⅰ, 지구과학Ⅰ<br>수학ㆍ사회교과 : 수학Ⅰ, 수학Ⅱ, 확률과 통계, 미적분, 한국지리, 생활과 윤리<br>생활ㆍ교양교과 : 환경, 보건학, 논술, 철학, 정보, 진로와 직업","생명과학Ⅱ, 융합과학, 생활과 과학, 화학Ⅱ, 공학일반, 창의경영, 지식 재산 일반, 농업생명과학, 사회문제 탐구",자연계열,이과계열
440,임상병리학과,"실험이나 실습을 좋아하고 화학이나 생물, 물리 등의 교과목에 흥미가 있는 사람이면 좋습니다. 다양한 임상 병리 기계 및 화학 약품 등을 사용하여 공부하기 때문에 분석적 사고력이 필요하고, 미세한 세포와 조직 등을 검사하고 분별할 수 있어야 하므로 관찰력이 좋아야 합니다.","임상병리학은 현대 의학의 발전과 더불어 빠른 속도로 발전하고 있습니다. 임상병리학과는 인체에서 발생하는 각종 질병의 원인, 치료 과정 등을 과학적으로 분석하여 치료 및 예방에 도움을 줄 수 있으므로 현대 의학에서 중요한 역할을 수행하고 있습니다.","영어, 과학","영어교과 : 영어Ⅰ, 영어Ⅱ, 영어 독해와 작문<br>과학교과 : 화학Ⅰ, 생명과학Ⅰ<br>교양교과 : 심리학","화학Ⅱ, 생명과학Ⅱ",의약계열,이과계열
442,자동차공학과,"평소 자동차에 대한 관심을 가지고 있거나 자동차와 관련된 전기, 기계, 화학, 전자 등 다양한 분야에 호기심이 있으면 좋습니다. 
수학, 물리와 같은 과목을 잘하고, 자동차와 관련된 다양한 문제를 논리적으로 생각하는 논리력과 창의적으로 문제 해결방법을 찾을 수 있는 창의력이 필요합니다.","자동차산업은 기술 및 산업의 발전에 영향을 많이 받는 분야입니다. 최근에는 화석연료(석유, 가스)를 이용한 내연기관 자동차 이외에 전기 자동차, 수소 자동차, 자율주행 자동차(커넥티드 카), 플라잉 카 등 새로운 형태의 자동차가 개발되고 있습니다. 앞으로도 첨단 기술을 이용한 다양한 종류의 자동차가 지속적으로 개발될 것으로 예상되어 자동차공학 분야는 지속적인 수요가 있을 것으로 예상됩니다.","수학, 과학, 기술ㆍ가정","수학교과 : 수학ⅠㆍⅡ, 미적분, 확률과 통계<br>과학교과 : 물리학Ⅰ, 화학Ⅰ<br>기술ㆍ가정교과 : 기술ㆍ가정, 정보","기하, 수학과제 탐구, 물리학Ⅱ, 화학Ⅱ, 생활과 과학, 융합과학, 공학 일반",공학계열,이과계열
10021,작업치료학과,"환자들의 상태에 따라 필요한 활동을 함께 결정하고 문제점을 파악하여야 하기 때문에 즐거운 마음으로 사람들을 도와주는 일에 관심이 있는 학생이면 좋습니다. 환자에 대한 이해와 순발력, 판단력을 가지고 있어야 하며, 대인관계를 원만하게 유지할 수 있는 능력이 필요합니다.","최근 산업재해, 교통사고, 노인인구 증가, 만성 성인질환의 급격한 증가로 인해 다양한 작업치료와 재활서비스를 필요로 하는 사람들이 점차 늘어가고 있습니다. 이에 전문적인 작업치료사에 대한 수요가 증가하여 작업치료학의 인지도가 점차 높아지고 있습니다.","영어, 과학","영어교과 : 영어Ⅰ, 영어Ⅱ, 여엉 독해와 작문<br>과학교과 : 생명과학Ⅰ<br>교양교과 : 심리학",생명과학Ⅱ,의약계열,이과계열
456,재료공학과,"각종 재료에 대한 관심과 화학, 물리, 수학 등의 기초 과학 과목에 관심이 많고 좋아하는 사람에게 유리합니다.
재료공학 분야는 각종 실험ㆍ 실습을하는 경우가 많으므로 꼼꼼한 성격을 가지거나 각종 사물에 대한 호기심과 분석 능력, 이를 다른 분야에 적용할 수 있는지에 대한 응용력과 창의력이 요구됩니다.","재료공학과는 재료에 대한 성질을 이해하여 다양한 분야에 활용되고 있습니다. 인공 장기나 인공 뼈등 인공 바이오 소재를 연구, 화학 에너지를 전기 에너지로 바로 전환시키는 연료전지, 항공기와 잠수함, 인공위성 안테나등에 사용되는 형상기억합금과 같은 새로운 소재를 만드는 데 활용합니다. 지금도 끊임 없이 새로운 재료들이 개발되고 있어 재료공학 분야에 대한 관심은 지속 될 것으로 보입니다.","수학, 과학, 기술ㆍ가정","수학교과 : 수학ⅠㆍⅡ, 미적분, 확률과 통계<br>과학교과 : 물리학Ⅰ, 화학Ⅰ<br>기술ㆍ가정교과 : 기술ㆍ가정, 정보","기하, 물리학Ⅱ, 화학Ⅱ, 공학 일반",공학계열,이과계열
458,재활학과,"사람들과 어울리기 좋아하고 친절하며 이해심이 많은 사람이면 좋습니다. 신체적 불편을 가진 사람들을 이해하고 배려해야 하므로 긍정적이고 밝은 성격을 소유한 학생이 적합하며, 정서적으로 다른 사람을 도와주고 싶어 하는 성향도 중요합니다.",신체적 불편을 가진 사람들의 복지에 대한 관심이 증가하고 있습니다. 이러한 사회적 분위기와 함께 재활학과에 대한 관심 역시 커지고 있습니다. 복지서비스가 전문화되면서 장애인의 재활을 전담하는 인력이 앞으로 늘어날 것으로 기대됩니다.,"영어, 과학","영어교과 : 영어Ⅰ, 영어Ⅱ, 여엉 독해와 작문<br>과학교과 : 생명과학Ⅰ<br>교양교과 : 심리학",생명과학Ⅱ,의약계열,이과계열
459,전기공학과,"전기공학 분야는 수학, 물리학 등 수식 계산을 좋아하는 사람에게 유리합니다. 평소 전기, 발전, 통신, IT와 같은 분야에 흥미가 있으면 좋습니다. 새로운 것에 호기심이 많거나, 복잡한 전기 시스템의 구조를 분석하고 이해하기 위해 논리적으로 생각하는 능력이 있으면 유리합니다.","전기공학과는 전기 에너지를 효율적으로 생산하고 전송하는 데 필요한 재료, 부품, 시스템에 관해서 배우는 곳입니다. 최근에는 신재생에너지 기반의 전력발전 기술과 소규모 지역에서 전력을 자급자족 할 수 있는 마이크로그리드, 전기를 소비하는 가정이나 회사와 전기를 생산하는 기업이 실시간으로 전력정보를 주고받는 스마트 그리드 기술개발 등 새로운 기술 개발이 이루어지고 있습니다.  ","수학, 과학, 기술ㆍ가정","수학교과 : 수학ⅠㆍⅡ, 미적분, 확률과 통계<br>과학교과 : 물리학Ⅰ, 화학Ⅰ<br>기술ㆍ가정교과 : 기술ㆍ가정, 정보","기하, 수학과제 탐구, 물리학Ⅱ, 화학Ⅱ, 생활과 과학, 융합과학, 공학 일반",공학계열,이과계열
463,전기전자공학과,"전기전자공학 분야는 수학, 물리학 등 수식 계산을 좋아하고 컴퓨터 다루는 것을 좋아하는 사람에게 유리합니다. 평소 전기, 발전, 통신, IT, 컴퓨터와 같은 분야에 흥미가 있으면 좋습니다. 새로운 것에 호기심이 많거나, 복잡한 전기전자 시스템의 구조를 이해하고 만들기 위해 논리적으로 생각하는 능력이 있으면 유리합니다.","전기전자공학과에서는 전기 분야에 대한 이론과 전자 분야에 대한 이론을 종합적으로 배우고, 실습을 통해 관련된 기술을 익히는 과정으로 전기 및 전자 분야와 융합된 학과라 할 수 있습니다. ","수학, 과학, 기술ㆍ가정","수학교과 : 수학ⅠㆍⅡ, 미적분, 확률과 통계<br>과학교과 : 물리학Ⅰ, 화학Ⅰ<br>기술ㆍ가정교과 : 기술ㆍ가정, 정보","기하, 수학과제 탐구, 물리학Ⅱ, 화학Ⅱ, 생활과 과학, 융합과학, 공학 일반",공학계열,이과계열
465,전기제어공학과,"평소 전기나 전기제품의 작동원리나 기능에 관심이나 호기심이 많은 사람에게 유리합니다. 전기의 생산, 운반, 소비의 과정을 논리적으로 이해하고 효율적으로 전기를 다루고 공급하기 위한 방법을 찾기 위해 수학적 지식과 능력이 필요합니다.",최근에는 전기제어공학 분야도 4차산업 관련 기술 발전에 따른 영향을 받고 있습니다. 전력을 생산하고 공급하는 수준에서 벗어나 사용자의 전기 및 전자 제품 사용 패턴을 분석하여 가장 효율적으로 전기를 공급 할 수 있는 시간에 공급하거나 수요량을 미리 예측하는 제공하는 스마트 그리드 시스템이 개발되고 있습니다. ,"수학, 과학, 기술ㆍ가정","수학교과 : 수학ⅠㆍⅡ, 미적분, 확률과 통계<br>과학교과 : 물리학Ⅰ, 화학Ⅰ<br>기술ㆍ가정교과 : 기술ㆍ가정, 정보","기하, 물리학Ⅱ, 화학Ⅱ, 공학 일반",공학계열,이과계열
469,전자공학과,"평소 새로운 전자기기나 작동원리에 관심이 많고 컴퓨터를 좋아하는 학생들에게 유리합니다. 기본적으로 수학과 물리학과 같은 이공계 과목을 잘하거나, 복잡한 수식을 논리적으로 잘 이해하고 계산할 수 있는 능력이 필요합니다.",전자공학기술은 인간에게 기쁨과 즐거움을 주는 새로운 가치를 만들어 내는 분야입니다. 4차산업 혁명 시대로 진입하고 산업 전반이 빠른 속도로 발전함에 따라 전자공학은 폭넓은 분야에 활용되고 있으며 앞으로의 발전 가능성도 높은 분야입니다.,"수학, 과학, 기술ㆍ가정","수학교과 : 수학ⅠㆍⅡ, 미적분, 확률과 통계<br>과학교과 : 물리학Ⅰ, 화학Ⅰ<br>기술ㆍ가정교과 : 기술ㆍ가정, 정보","기하, 수학과제 탐구, 물리학Ⅱ, 화학Ⅱ, 생활과 과학, 융합과학, 공학 일반",공학계열,이과계열
484,정밀화학과,"화학 및 기초과학에 대한 전반적인 흥미를 가진 사람에게 유리하며 꼼꼼하고 세심한 주의력을 가진 성격에게 잘 어울리는 학문입니다. 평소 자연 현상에 대해 호기심이 있고, 화학적 변화 원리에 관심이 있는 학생이라면 관심을 가져 볼 만합니다. 기초 과학 쪽에 적성이 있고, 특히 화학에 능력이 있다면 학과 공부에 도움이 됩니다. 문제에 대한 논리적인 분석력과 끈기 있는 자세를 갖추면 더욱 좋습니다. ","정밀화학 산업의 발전정도는 곧 그 나라의 화학에 대한 기술 정도를 평가함과 동시에 경제력과 직결지을 수 있다고 말할 수 있습니다. 정밀화학은 이렇듯 부가가치가 높고, 다용도의 특수 기능성을 가지며, 사회적 필요에 따라 기능성의 향상과 용도의 다양화에 부응하는 고도의 기술 집약적인 화학산업 분야입니다. ","과학, 수학, 교양, 영어","과학교과 : 화학Ⅰ, 생명과학Ⅰ, 물리Ⅰ, 지구과학Ⅰ<br>수학교과 : 수학Ⅰ, 수학Ⅱ, 미적분, 확률과 통계<br>교양교과 : 논리학, 환경, 논술, 보건학","화학Ⅱ, 융합과학, 과학사, 생활과 과학, 수학 과제 탐구, 기하, 생명과학Ⅱ",자연계열,이과계열
488,정보보호학과,"평소 컴퓨터를 이용해 다양한 정보를 수집하고 정보 보안이나 정보보호, 해킹이나 크래킹, 바이러스 등 각종 보안 관련 문제에 관심이 있는 사람에게 유리합니다. 정보보안은 기본적으로 컴퓨터 프로그래밍에 대한 기초지식이나 다양한 보안 문제를 논리적이면서도 창의적으로 해결할 수 있는 유연한 사고 능력이 필요합니다.",정보보호학은 하나의 학과로 분리될 만큼 최근들어 중요성과 관심이 높아지는 학문입니다. 인터넷과 정보 기술이 급속도로 발전하고 새로운 형태의 스마트 제품들이 출시되고 있습니다. 새로운 제품과 정보기술이 등장 할때마다 정보보호 기술도 새롭게 출시되고 있습니다. 정보기술에 따라 깊은 관련이 있는 정보보호학은 앞으로도 지속적으로 중요성이 커질 것으로 보입니다.,"수학, 사회, 과학, 기술ㆍ가정","수학교과 : 수학Ⅰ, 수학Ⅱ, 미적분, 확률과 통계<br>사회교과 : 한국지리, 세계지리, 경제, 사회문화, 생활과 윤리<br>과학교과 : 물리학Ⅰ, 화학Ⅰ<br>기술ㆍ가정교과 : 기술ㆍ가정, 정보","실용 수학, 기하, 수학과제 탐구, 물리학Ⅱ, 화학Ⅱ, 생활과 과학, 융합과학, 공학 일반, 사회문제 탐구",공학계열,이과계열
490,정보통신공학과,"평소에 정보통신, IT 기기, 컴퓨터 소프트웨어, 각종 스마트 기기, 스마트워치 같은 웨어러블 기기 등의 작동에 흥미가 있다면 이 학과에 관심을 가져 볼만 합니다. 특히, 각종 통신 기기나 컴퓨터 조작에 능숙하면 학과 공부에 도움이 될수 있고 컴퓨터 프로그래밍에 대한 기초지식이나 프로그래밍을 할 수 있는 논리적인 사고능력이 필요합니다.","사람과 사물, 모든 것이 네트워크로 연결되는 사회로 변화하고 있습니다. 사물인터넷에서 지능형 도로시스템, 스마트도시 등 점점 빠르고 정확한 통신기술과 네트워크 기술이 요구되면서 정보통신공학의 중요성도 갈수록 높아지고 있습니다. 앞으로 이 분야에 대한 새로운 직업과 일자리도 늘어날 전망입니다.","수학, 사회, 과학, 기술ㆍ가정","수학교과 : 수학Ⅰ, 수학Ⅱ, 미적분, 확률과 통계<br>사회교과 : 한국지리, 세계지리, 경제, 사회문화, 생활과 윤리<br>과학교과 : 물리학Ⅰ, 화학Ⅰ<br>기술ㆍ가정교과 : 기술ㆍ가정, 정보","실용 수학, 기하, 수학과제 탐구, 물리학Ⅱ, 화학Ⅱ, 생활과 과학, 융합과학, 공학 일반, 사회문제 탐구",공학계열,이과계열
494,제약공학과,"생명의 소중함을 알고, 생물, 화학, 물리, 수학 등의 기초자연과학에서부터 약학, 공학의 응용과학에 이르는 폭넓은 지식과 기술에 대한 흥미와 관심이 있으면 도움이 됩니다. 과학적 사고력과 오랜 시간 집중해서 연구할 수 있는 집중력, 관찰력, 책임감 등이 필요합니다.","참살이(well-being), 고령화 등으로 인해 제약ㆍ의약품 산업이 계속적으로 성장하고 있으며, 우리나라의 시장 규모도 세계 상위권 수준의 규모입니다. 첨단 산업 및 우리 생활에 미치는 파급 효과가 크고, 관련 전문ㆍ고급 인력의 양성도 계속적으로 요구되고 있는 상황입니다.  ","수학, 과학, 기술ㆍ가정","수학교과 : 수학ⅠㆍⅡ, 미적분, 확률과 통계<br>과학교과 : 화학Ⅰ, 생명과학Ⅰ<br>기술ㆍ가정교과 : 기술ㆍ가정, 정보","기하, 수학과제 탐구, 화학Ⅱ, 생명과학Ⅱ, 생활과 과학, 융합과학, 공학 일반",자연계열,이과계열
495,제어계측공학과,"로봇이나 자동화 기계, 전기, 전자 등 공학분야 전반에 대해 관심이 있고, 수학, 물리, 화학 등의 이공계 과목에 대한 흥미가 있는 사람에게 유리 합니다. 공학분야의 기술은 매우 빠른 속도로 변화하고 발전하므로 끊임없이 새로운 것을 공부할 수 있는 강한 탐구심과 끈기, 다양한 문제의 해결방법을 찾으려는 창의적인 능력이 요구됩니다. ","제어계측공학 분야는 생산설비의 자동화뿐 아니라 항공기, 우주발사체나 인공위성, 전기, 컴퓨터, 자동차, 각종 무기 등 다양한 분야에서 필요로 하는 학문입니다. 4차산업혁명 관련 기술이 발전하면서 점차 로봇 자동화 생산설비와 각종 자동화 장비와 시스템의 제어 공학분야는 점차 중요해지고 있으며, 제어계측분야는 고도의 기술이 필요한 분야로 앞으로의 전망도 밝을 것으로 예상됩니다.","수학, 과학, 기술ㆍ가정","수학교과 : 수학ⅠㆍⅡ, 미적분, 확률과 통계<br>과학교과 : 물리학Ⅰ, 화학Ⅰ<br>기술ㆍ가정교과 : 기술ㆍ가정, 정보","기하, 물리학Ⅱ, 화학Ⅱ, 공학 일반",공학계열,이과계열
498,제지공학과,"평소 종이를 재료로 하여 만들어진 각종 제품에 대해 관심이 많고 종이라는 재료 자체와 만드는 과정에 대해 좋아하고 관심을 가진 사람에게 유리합니다. 제지공학은 종이와 관련된 다양한 기술과 공학적 지식을 배우게 되는데 이를 위해 수학, 화학, 물리학 등 기초과학 과목을 잘하고 각종 실험ㆍ 실습을하는 경우가 많으므로 꼼꼼한 성격을 가진 사람이나 새로운 제지 재료를 만들기 위한 창의력과 응용력이 요구됩니다.","정보기술의 발전으로 인터넷 신문이나 전자책이 등장하면서 신문용지와 종이의 소비량은 줄었습니다. 그러나 고급 종이를 생산하여 수출하는 노력과 인터넷 쇼핑의 증가로 인해 택배 수요가 늘어나면서 택배 포장에 사용되는 판지류의 생산과 소비량은 오히려 증가하였고, 전체 제지산업은 꾸준한 성장을 이어오고 있습니다.  ","수학, 사회, 과학, 기술ㆍ가정","수학교과 : 수학ⅠㆍⅡ, 미적분, 확률과 통계<br>사회교과 : 한국지리, 세계지리, 경제, 사회문화, 생활과 윤리<br>과학교과 : 물리학Ⅰ, 화학Ⅰ, 생명과학Ⅰ, 지구과학Ⅰ<br>기술ㆍ가정교과 : 기술ㆍ가정, 정보","실용수학, 기하, 경제수학, 수학과제 탐구, 물리학Ⅱ, 화학Ⅱ, 생명과학Ⅱ, 지구과학Ⅱ, 생활과 과학, 융합과학, 공학 일반, 사회문제 탐구",공학계열,이과계열
503,조경학과,"평소 자연환경에 관심이 많고, 인공적으로 구성된 공원이나 식물, 나무 등을 좋아하는 경우 도움이 됩니다. 조경은 여러 분야의 사람들이 함께 일하는 경우가 많아 팀 활동을 위한 협동심이 필요합니다. 조경학과는 사회를 다양한 관점과 시각으로 볼 수 있는 안목과 최적의 조경환경을 만들기 위해 여러 문제를 논리적으로 분석할 수 있는 능력,과 원하는 조경환경을 만들 수 있는 예술적,?미적 감각과 표현능력이 필요합니다. 조경설계는 전문 컴퓨터 프로그램 배우는데 있어서 기본적인 컴퓨터 활용 능력이 필요합니다. ","조경학은 자연과학, 인문사회과학, 예술 분야가 융합된 종합 과학 예술이라 할 수 있습니다. 최근 사람들의 여가 시간이 늘어남에 따라 삶의 질을 높이는 쾌적한 환경을 갖추는 것이 중요해지고 있습니다. 정원이나 수목원 조성, 도시공원이나 생태공원 조성, 주거단지나 관광단지 조성, 도시공공디자인, 등 앞으로 조경학과의 역할이 점차 증대될 것으로 예상되고 있습니다.","과학, 사회, 교양, 수학, 미술","과학교과 : 지구과학Ⅰ, 생명과학Ⅰ, 물리Ⅰ, 화학Ⅰ<br>사회교과 : 사회문화, 한국지리, 생활과 윤리<br>교양교과 : 환경, 철학, 논리학, 심리학, 인문학적 감성과 역사 이해","생활과 창의성, 생활과 과학, 사회문제 탐구, 공학 일반, 여행 지리, 지구과학Ⅱ, 생명과학Ⅱ, 생활 속의 수학적 사고, 가정과학, 농업생명과학",공학계열,이과계열
504,조리과학과,음식에 대한 관심과 흥미가 높아야 합니다. 직접 조리를 하는 실기 능력이 요구되기 때문에 음식에 대한 감각과 손재주가 필요합니다. 국제적으로 인적 교류가 활발한 현대사회에서는 다양한 문화권의 문화가 전파되고 이에 대한 인력 수요도 많기 때문에 외국어 능력과 친화력을 갖추면 도움이 됩니다. ,"전통 음식 뿐 아니라 여러 문화권을 배경으로 한 다양한 음식에 대해 사람들의 관심이 높고, 외식 시장이 날로 커지고 있기 때문에 조리 관련 학과와 직종에 대한 관심도 함께 높아지고 있습니다. ","과학, 생활ㆍ교양, 사회","과학교과 : 생명과학Ⅰ, 화학Ⅰ, 물리Ⅰ<br>생활ㆍ교양교과 : 기술가정, 정보, 보건학, 환경, 심리학, 교육학, 실용 경제<br>사회교과 : 사회문화, 생활과 윤리, 정치와 법","생명과학Ⅱ, 화학Ⅱ, 융합과학, 생활과 과학, 농업생명과학, 가정과학",자연계열,이과계열
505,조선공학과,"평소 선박에 대한 관심이 많고 배나 기계의 작동원리와 개념에 대해 호기심이 많은 사람에게 유리합니다. 
기계, 전기, IT분야 등 관련 분야의 기술자나 전문가와 협력하여 일을 하는 경우가 많으므로, 원만한 대인관계능력, 팀으로 일하는 능력, 의사소통능력이 필요합니다.","조선해양산업은 해상운송, 해양개발에 대한 기반산업으로서 기술집약적이며 다른 산업에 미치는 파급효과가 매운 큰 산업입니다. 최근까지 중국의 저가 선박 제조로 인해 조선 분야가 장기간 어려움을 겪었지만, 최첨단 기술이 요구되는 LNG선박의 대규모 계약이 추진되면서 조선 분야의 전망이 나아질 것으로 기대하고 있습니다. ","수학, 과학, 기술ㆍ가정","수학교과 : 수학ⅠㆍⅡ, 미적분, 확률과 통계<br>과학교과 : 물리학Ⅰ, 화학Ⅰ, 지구과학Ⅰ<br>기술ㆍ가정교과 : 기술ㆍ가정, 정보","기하, 수학과제 탐구, ",공학계열,이과계열
524,지구정보공학과,"화산, 지진, 화석과 같은 순수과학에 관심이 있거나 지구의 자원, 환경문제에 관심이 있는 학생이면 좋습니다.  학생들은 전국 곳곳에서 현장 조사를 해야 하므로 공간의 방향이나 위치를 잘 파악할 수 있어야 하고 수학을 잘할 수 있어야 합니다. ",지구정보공학과는 사람이 사는 땅과 공간을 탐구합니다. 지질 구조를 탐구할 뿐만 아니라 사람들이 공간에서 어떻게 살고 있는지도 분석해야 합니다. 지구ㆍ지리학과는 순수한 자연 현상뿐만 아니라 사람들의 역사에 대해서도 공부해야 한다는 점에서 자연과학과 인문과학을 통합적으로 공부한다는 특징을 지닙니다. ,"과학, 교양, 사회, 수학","과학교과 : 지구과학Ⅰ, 물리Ⅰ, 화학Ⅰ, 생명과학Ⅰ<br>사회교과 : 사회문화, 한국지리, 생활과 윤리<br>교양교과 : 환경, 보건학, 논술","지구과학Ⅱ, 융합과학, 생활과 과학, 과학사, 기하, 공학 일반, 사회문제 탐구",자연계열,이과계열
525,지구해양과학과,"평소 자연환경, 기후변화, 환경오염, 해양, 과학 분야나 주제에 관심을 가진 사람에게 유리합니다.  
지구과학, 해양학, 생물학 등 자연과학 전반에 대한 지식을 가지고 있어야 하며, 바다 생명체 및 행동 특성에 대한 관심과 관찰력이 필요합니다.  ","지구해양과학과는 자연과학의 원리와 방법을 해양과학에 적용하여, 해양에서 일어나는 여러 현상들을 이해하기 위해 노력 합니다. 이러한 점에서 해양환경 및 해양자원 개발에 대해 주로 공부하는 해양공학과와 차별점을 두고 있습니다. ","수학, 과학, 기술ㆍ가정","수학교과 : 수학ⅠㆍⅡ, 미적분, 확률과 통계<br>과학교과 : 물리학Ⅰ, 화학Ⅰ, 지구과학Ⅰ<br>기술ㆍ가정교과 : 기술ㆍ가정, 정보","기하, 수학과제 탐구, ",공학계열,이과계열
523,지구환경과학과,"대기, 해양, 지질 등 우리가 살고 있는 지구라는 환경에 과학적인 관심과 호기심을 지닌 학생이라면 관심을 가져볼만 합니다. 실험이나 관찰을 진행하기 위한 꼼꼼함과 탐구심이 필요하며 자연 관련 과목에 적성을 지니면 도움이 됩니다. ",학문의 특성상 시공간적으로 다양한 규모와 특성을 가지는 여러 환경계를 다루는 것이 다른 자연과학과 비교되는 큰 특성중의 하나입니다. 지구환경과학 분야는 국내외적으로 21세기 과학기술에 있어 인류의 삶의 질 향상과 지속가능한 발전을 위한 핵심 주제로 부각되고 있습니다. ,"과학, 수학, 교양, 영어","과학교과 : 지구과학Ⅰ, 물리Ⅰ, 화학Ⅰ, 생명과학Ⅰ<br>수학교과 : 수학Ⅰ, 수학Ⅱ, 미적분, 확률과 통계<br>교양교과 : 환경, 보건학, 논술","지구과학Ⅱ, 융합과학, 생활과 과학, 과학사, 기하, 공학 일반, 사회문제 탐구",자연계열,이과계열
529,지리학과,"지구의 다양한 지형과 지리에 대해 관심을 가지고 있으면 좋습니다. 실제로 지형이나 암석 관찰을 위해 탐방을 하는 경우가 많기 때문에 평소 여행이나 탐험을 좋아하는 학생이라면 관심을 가져볼만 합니다. 최근에는 지리정보시스템 분야의 응용도 많기 때문에 컴퓨터 활용, 수리적 능력이 있으면 도움이 됩니다. ","현대 지리학은 공간정보를 수집, 탐색, 관리, 분석하는 지리정보시스템, GIS(Geographical Information Science)는 정보기술의 발전에 따라 성장하여, 현대사회에 필수적인 핵심 IT기술로 자리잡고 있습니다. 자연과 인문, 그리고 정보과학을 포괄한다는 특수성을 지닙니다. ","사회, 생활ㆍ교양","사회교과 : 한국지리, 세계지리, 사회문화, 생활과 윤리<br>생활ㆍ교양교과 : 심리학, 환경","여행지리, 사회문제 탐구",자연계열,이과계열
536,지적학과,지적은 토지에 대한 생성에서 소멸까지의 물리적 현황을 파악하고 법적 관리관계에 대한 사항을 등록하는 일을 포함하기 때문에 데이터를 다루고 확인하는 작업하는 일에 흥미를 지니고 있고 꼼꼼한 성격을 지닌 학생이라면 관심을 가져볼 만 합니다. 숫자와 법령을 잘 파악하고 숙지하는 역량이 있다면 도움이 될 수 있습니다. ,"최근 지적 분야에 대해 국가와 지방자치단체, 공공단체, 그리고 각 사회 분야의 수요가 늘어나는 추세입니다. 지적학을 토대로 측량, 탐사, 법률, 제도, 정책, 부동산 등에 대한 다양한 분야에서 적용된다는 특징을 지닙니다. ","과학, 사회, 교양, 수학","과학교과 : 지구과학Ⅰ, 물리Ⅰ, 화학Ⅰ, 생명과학Ⅰ<br>사회교과 : 사회문화, 한국지리, 세계지리, 생활과 윤리<br>교양ㆍ수학교과 : 환경, 보건학, 논술, 수학Ⅰ, 수학Ⅱ, 미적분, 확률과 통계","지구과학Ⅱ, 융합과학, 생활과 과학, 과학사, 기하, 공학 일반, 사회문제탐구",자연계열,이과계열
537,지질학과,우리가 살고 있는 지구라는 환경에서 특히 지질 분야에 대해 과학적인 관심과 호기심을 지닌 학생이라면 관심을 가져볼만 합니다. 관찰과 조사를 진행하기 위한 꼼꼼함과 탐구심이 필요하며 자연 관련 과목에 적성을 지니면 도움이 됩니다. ,"근래에는 광물자원과 열에너지 자원의 탐사 및 개발, 신소재 개발, 균형 있는 국토개발 및 지구환경 보존 등 인류복지를 위한 실용적인 측면이 중시되고 있습니다. ","과학, 사회, 교양, 수학","과학교과 : 지구과학Ⅰ, 물리Ⅰ, 화학Ⅰ, 생명과학Ⅰ<br>사회교과 : 사회문화, 한국지리, 세계지리, 생활과 윤리<br>교양ㆍ수학교과 : 환경, 보건학, 논술, 수학Ⅰ, 수학Ⅱ, 미적분, 확률과 통계","지구과학Ⅱ, 융합과학, 생활과 과학, 과학사, 기하, 공학 일반, 사회문제탐구",자연계열,이과계열
541,천문학과,"별의 움직임과 우주 세계에 깊은 호기심을 지닌 학생에게 적합합니다. 천문학과는 기본적으로 수학, 물리학, 지구과학 등의 기초 과학 과목을 잘해야 하고, 별을 세심하게 관찰할 수 있는 꼼꼼한 성격도 필요하며, 천문 계산을 위해 컴퓨터를 많이 사용하므로 소프트웨어 사용법, 수치 계산, 수치 적분, 프로그래밍 등의 능력도 필요합니다. ","천문학은 물리, 별, 은하, 행성, 우주 등을 다루는 학문이며 내용의 깊이와 범위가 방대하고 전문성이 높은 분야로 인식되는 편이며, 천문학과는 학교에 따라 천문우주, 물리천문, 우주과학 등의 명칭으로 개설되어 있습니다.   ","과학, 수학, 교양, 기술가정","과학교과 : 물리Ⅰ, 화학Ⅰ, 생명과학Ⅰ, 지구과학Ⅰ<br>수학교과 : 수학Ⅰ, 수학Ⅱ, 미적분, 확률과 통계<br>생활ㆍ교양교과 : 정보, 논술, 철학, 논리학, 교육학","지구과학Ⅱ, 물리학Ⅱ, 융합과학, 과학사, 수학 과제 탐구, 기하",자연계열,이과계열
557,축산학과,"평소에 동물을 기르는 것과 건강, 축산 식품에 대한 관심이 필요합니다. 생물이나 화학과 같은 기초과학 과목에 적성을 지니거나 또는 생물 실험에 대한 거부감이 없으면 이 학과 공부를 하는 데 도움이 됩니다. 농촌에서 일하게 되는 경우가 많음으로 농촌 환경에 대한 이해가 필요합니다.  ","축산업은 우리나라 전체 농산업 생산량의 상당 규모를 차지하며 관련 세부 산업(종자산업, 사료산업, 동물약품, 축산식품가공 등)의 성장이 기대되는 분야입니다. 건강에 관한 사람들의 관심이 높아지면서 육류의 질과 위생과 연관이 있는 축산학의 중요성도 높아지고 있습니다. ","과학, 윤리, 교양, 수학","과학교과 : 화학Ⅰ, 생명과학Ⅰ<br>사회교과 : 생활과 윤리, 사회문화, 윤리와 사상<br>교양교과 : 환경, 보건학, 철학, 생활과 창의성, 논술","생명과학Ⅱ, 융합과학, 생활과 과학, 화학Ⅱ, 농업생명과학, 사회문제 탐구",자연계열,이과계열
10054,치기공학과,"기구를 제작하거나 다루는 것에 흥미가 있으며, 환자들의 구강 건강에 대해 관심을 갖고 해결하고자 하는 봉사정신을 가진 학생이면 좋습니다. 관찰력이 좋고 손재주가 있으며 집중력과 지구력이 강한 학생에게 적합합니다.",오늘날 인구의 노령화와 경제 수준의 향상으로 양질의 의료에 대한 요구가 늘어나고 더불어 구강보건에 대한 관심이 높아지면서 치기공사의 역할이 중요해지고 있습니다. 최근 다양한 첨단 기술이 융합되면서 치기공학분야의 새로운 재료와 기기에 대한 산업의 발전이 기대됩니다.,"영어, 과학","영어교과 : 영어Ⅰ, 영어Ⅱ, 영어 독해와 작문<br>과학교과 : 화학Ⅰ, 생명과학Ⅰ<br>교양교과 : 심리학","화학Ⅱ, 생명과학Ⅱ",의약계열,이과계열
10013,치위생학과,"인간과 자연을 사랑하는 마음과 생명과학에 흥미를 가지고 있으면 좋습니다. 좁은 구강 내를 주로 다루고, 치과 관련 기계나 도구를 사용하므로 손 기술이 정교하고 꼼꼼한 사람에게 적합합니다. 환자를 직접 대면하고, 의사와의 소통 또한 중요하므로 평소 대인관계능력이 뛰어난 사람이면 좋습니다.","고령화 사회의 문제로 치아건강에 대한 관심이 높아지면서 치위생학과는 유망한 학과로 주목받고 있습니다. 학교를 졸업한 후 치위생사로 치과에서 근무하는 경우가 많기 때문에, 치과위생사의 업무를 능숙하게 수행할 수 있는 기술적 역량뿐만 아니라 학문적 역량을 갖출 수 있도록 노력하는 자세가 필요합니다.","영어, 과학","영어교과 : 영어Ⅰ, 영어Ⅱ, 영어 독해와 작문<br>과학교과 : 생명과학Ⅰ<br>교양교과 : 심리학",생명과학Ⅱ,의약계열,이과계열
564,치의예과,"인간의 치아 구조나 아름다운 턱선 및 구강 구조를 만드는 데에 관심이 있으면 좋습니다. 좁은 구강 내를 치료하는 업무를 주로 하기 때문에 꼼꼼한 성격이 필요하고 정교한 손놀림도 있어야 하며, 각종 치과 장비를 많이 사용하므로 기계를 잘 다룰 수 있는 학생에게 적합합니다.","최근 4차 산업혁명으로 인공지능과의 협업을 통한 치과 업무에 대한 다양한 연구가 이루어지고 있습니다. 각종 데이터를 기반으로 AI가 환자의 치아 문제를 포착할 수 있으며, 자동으로 교정이나 양악수술 등 시술 후의 모습을 시뮬레이션해볼 수 있습니다. 이를 활용한 개개인의 치아 특성과 생활습관을 고려한 맞춤형 치료에 대한 관심이 높아지고 있습니다.","영어, 수학, 과학, 윤리","영어교과 : 영어Ⅰ, 영어Ⅱ, 영어 독해와 작문<br>수학교과 : 수학Ⅰ, 수학Ⅱ, 미적분, 확률과 통계<br>과학교과 : 생명과학Ⅰ, 화학Ⅰ<br>사회교과 : 생활과 윤리, 윤리와 사상<br>교양교과 : 철학, 심리학","생명과학Ⅱ, 화학Ⅱ, 융합과학",의약계열,이과계열
569,컴퓨터공학과,"컴퓨터나 인터넷 웹서핑을 좋아하고 IT분야, IT기술과 컴퓨터를 이용한 새로운 제품 등에 관심이 많은 사람에게 유리합니다. 컴퓨터 소프트웨어를 개발하기 위해서는 프로그래밍 개발 언어를 배워야 하는데 이에 필요한 논리적인 사고능력과 개발 언어와 소스를 이해할 수 있는 지식이 필요합니다. ","컴퓨터 공학과 관련된 IT와 정보기술 들이 빠르게 발전하고 있습니다. 빅데이터, 클라우드 컴퓨팅, 5G인터넷, 사물인터넷, 인공지능, 블록체인 기술, 핀테크, 무인자동차 등은 모두 컴퓨터 공학과 깊은 관련이 있습니다. 앞으로도 컴퓨터 공학 분야의 산업과 기술은 계속 확대 될 것으로 전망됩니다.","수학, 과학, 기술ㆍ가정","수학교과 : 수학ⅠㆍⅡ, 미적분, 확률과 통계<br>과학교과 : 물리학Ⅰ, 화학Ⅰ<br>기술ㆍ가정교과 : 기술ㆍ가정, 정보","실용수학, 기하, 수학과제 탐구, 물리학Ⅱ, 화학Ⅱ, 생활과 과학, 공학 일반",공학계열,이과계열
570,컴퓨터과학과,"평소 컴퓨터의 작동원리, 구조, 직접 컴퓨터를 조립하고 분해하는 등 컴퓨터 하드웨어에 대한 관심과 각종 유용한 기능을 제공하는 소프트웨어, 새로운 제품이나 프로그램에 관심이 많은 사람에게 유리합니다. 컴퓨터 소프트웨어와 하드웨어를 개발하기 위해서는 프로그래밍 언어에 대한 지식을 바탕으로 사람들이 원하는 기능을 만들 수 있는 분석력과 논리적인 사고 능력, 요구사항을 잘 파악하기 위한 의사소통 능력이 필요합니다.","컴퓨터과학 분야의 학문적 기술을 연구하고 공학기술 인증, 최신기술에 대한 분석 및 이해를 통한 문해결, 정보보호 및 정보보안, 정보화 사업의 프로젝트 수행 능력 등 이론을 중심으로 실무에 참여할 수 있는 능력을 키우게 됩니다. 정보화 사업 프로젝트는 폭넓은 지식을 통해 실무를 바로 수행할 수 있는 인재를 요구합니다.","수학, 과학, 기술ㆍ가정","수학교과 : 수학ⅠㆍⅡ, 미적분, 확률과 통계<br>과학교과 : 물리학Ⅰ, 화학Ⅰ<br>기술ㆍ가정교과 : 기술ㆍ가정, 정보","실용수학, 기하, 수학과제 탐구, 물리학Ⅱ, 화학Ⅱ, 생활과 과학, 공학 일반",공학계열,이과계열
588,토목공학과,"평소 주변에서 흔히 볼 수 있는 도로, 다리, 철도 등 각종 사회기반이 되는 토목관련 시설물에 대한 기능이나 작동원리 등에 관심을 갖고 좋아하는 경우 유리할 수 있습니다. 각종 시설물에 대한 건설과 관련되어 여러 분야의 사람들과 함께 일을 하므로 활동적이고 적극적인 성격을 가지고 있는 경우 좋습니다. 그리고 수학, 물리학, 과학 등의 기초과목을 잘하면 좋습니다.","토목공학과는 도로, 터널, 철도 등과 같은 사회기반시설을 만들고, 새로운 땅의 간척과 매립, 지하 공간, 인공 섬 등을 이용한 공간을 만드는 방법에 대해서도 공부합니다. 자연재해로부터 사람들을 보호하기 위한 재해 방지 시스템을 개발하기도 하며, 최근에는 자율주행차 스마트도로를 만들기 위해 5G 인터넷, 차량ㆍ사물통신, 실시간 데이터 처리, 위치기반 서비스 등 4차산업 관련 기술이 활용되고 있습니다. ","수학, 과학, 기술ㆍ가정","수학교과 : 수학ⅠㆍⅡ, 미적분, 확률과 통계<br>과학교과 : 물리학Ⅰ, 화학Ⅰ, 지구과학Ⅰ<br>기술ㆍ가정교과 : 기술ㆍ가정, 정보","기하, 수학과제 탐구, 물리학Ⅱ, 화학Ⅱ, 지구과학Ⅱ, 생활과 과학, 융합과학, 공학 일반",공학계열,이과계열
591,통계학과,"기본적으로 수학을 좋아해야 하며, 정보를 분석하고 추리하는 것을 좋아하는 사람이면 좋습니다. 또한 사회, 경제, 자연 및 인간생활에 관심을 갖고 이에 관련된 여러 현상을 분석하는 것을 즐기거나 제품 및 서비스의 품질에 관심 있는 학생도 좋습니다. 컴퓨터를 활용한 통계 분석 기법이 많이 사용되기 때문에 컴퓨터 활용 능력과 집중력, 논리력이 필요합니다. ",뉴스에서 '통계 결과에 따르면' 이라는 말을 많이 들어 보셨죠? 통계학은 사회 현상을 숫자로 이해할 수 있기 때문에 실생활과 밀접한 관계에 있습니다. 현대 사회가 복잡해짐에 따라 사회와 여러 학문 분야에서 통계학의 중요성이 점차 커지고 있습니다. ,"수학, 사회, 기술가정, 생활ㆍ교양","수학교과 : 수학Ⅰ,Ⅱ, 미적분, 확률과 통계<br>사회교과 : 경제, 사회문화, 생활과 윤리<br>기술ㆍ가정교과 : 정보<br>생활ㆍ교양교과 : 실용 경제","실용 수학, 기하, 경제 수학, 수학 과제 탐구, 사회문제 탐구",자연계열,이과계열
10001,한약자원학과,"한약과 관련된 자료가 상당 부분 한자로 이루어져있기 때문에 한자에 대해 거부감이 없어야 할 것입니다. 사람의 생명과 연관된 한약자원, 한약재에 대한 탐구를 하는 전공이기 때문에 화학과 생물에 흥미와 적성을 지니면 도움이 됩니다. ","한국적이고 전통적인 분야인 한약재의 개발과 한약 산업의 과학화를 추구하는 전공입니다. 한약자원의 특성상 동물, 식물, 광물, 환경, 약재 등 다양한 재료를 다루고 탐구합니다. 한약자원학과는 한약자원을 유통하는 한약도매관리자 양성을 주 목표로 합니다. ","과학, 교양, 영어","과학교과 : 생명과학Ⅰ, 화학Ⅰ, 지구과학Ⅰ, 물리Ⅰ<br>교양교과 : 환경, 보건학, 논술, 생활과 창의성, 진로와 직업<br>영어ㆍ생활교과 : 영어Ⅰ, 영어Ⅱ, 기술가정, 정보","생명과학Ⅱ, 융합과학, 생활과 과학, 화학Ⅱ, 농업생명과학, 공학일반, 창의경영, 해양문화 기술",자연계열,이과계열
618,한약학과,"한약학은 생물학, 화학 등을 기초로 하는 학문이므로 자연과목에 흥미가 있는 학생에게 적합합니다. 다양한 종류의 약물에 대해 공부할 때 한문에 대해 많이 알고 있다면 도움이 됩니다. 실험 및 실습을 하면서 위험한 약품을 다루게 되므로 침착해야 하며 항상 주의할 수 있어야 합니다.",한약학은 전통약물인 한약에 대한 과학적 연구와 질병의 예방과 치료를 위한 학문입니다. 한약학 연구를 통해 동서약학이 만나 의약품의 새로운 지평이 열릴 것으로 기대됩니다. 세계적으로 천연물 유래 의약품에 대한 관심이 높아지고 있어 한방의약품과 천연물의약품 등 신약 개발이 활발하게 이루어질 것으로 예상됩니다. ,"영어, 수학, 과학, 윤리, 한문","영어교과 : 영어Ⅰ, 영어Ⅱ, 영어 독해와 작문<br>수학교과 : 수학Ⅰ, 수학Ⅱ, 미적분, 확률과 통계<br>과학교과 : 생명과학Ⅰ, 화학Ⅰ<br>사회교과 : 생활과 윤리, 윤리와 사상<br>한문교과 : 한문Ⅰ<br>교양교과 : 철학, 심리학","생명과학Ⅱ, 화학Ⅱ. 한문Ⅱ",의약계열,이과계열
619,한의예과,"환자와의 상담만으로도 질병을 파악하는 한의학에서는 인체의 구조와 다양한 약재에 관심이 있으며, 사람과 대화를 좋아하고 인체 및 생명에 대한 호기심을 가진 사람이면 좋습니다. 한자로 기술된 한의학 전공 서적이 많기 때문에 한자에 대한 지식이 많으며, 인체 생리를 이해하기 위해 기본 과학을 잘 알고 있어야 합니다.","한의학은 5,000년 역사를 지닌 동양 고유의 학문이며, 모든 동양학 중 현재 유일하게 남아 있는 응용과학으로 역대 의학자들의 지식과 경험이 합쳐져 있습니다. 우리나라를 비롯하여 중국 및 일본 등 한자 문화권에서 연구되고 발전되어 온 학문으로 서양에서도 한의학에 대한 관심이 점차 증가하고 있습니다.","영어, 수학, 과학, 윤리, 한문","영어교과 : 영어Ⅰ, 영어Ⅱ, 영어 독해와 작문<br>수학교과 : 수학Ⅰ, 수학Ⅱ, 미적분, 확률과 통계<br>과학교과 : 생명과학Ⅰ, 화학Ⅰ<br>사회교과 : 생활과 윤리, 윤리와 사상<br>한문교과 : 한문Ⅰ<br>교양교과 : 철학, 심리학","생명과학Ⅱ, 화학Ⅱ, 한문Ⅱ",의약계열,이과계열
624,항공우주공학과,"평소 주변에 있는 다양한 기계들을 작동시키는 것과 작동 원리에 대해 흥미가 있으면 좋습니다. 우주 등 첨단 과학에 관련된 공부를 하므로 상상력이 풍부하고 새로운 것을 배우는 것을 좋아하면 좋습니다. 우주 및 항공과 관련된 다양한 공학을 배우는 학과이므로 물리학, 수학, 기계학, 화학 등의 과목을 잘하면 좋습니다.","항공우주분야는 항공, 기계, 전자, 재료, IT 등 다양한 첨단산업이 함께 융합하여 발전해야 비행기, 인공위성, 우주선 등을 만들 수 있습니다. 최근 우리나라는 한국형 발사체인 누리호를 자체개발 및 발사를 앞두고 있고, KFX(한국형 전투기)개발 진행과 한국형 민항기 개발계획을 발표 했습니다. 그리고 상업용 유인우주선인 스페이스X의 크루 드래곤 발사가 성공하면서 항공ㆍ우주 분야에 대한 개발 중요성과 관심이 커지고 있습니다. 항공 우주 분야 산업의 발전은 국가적으로 중요하고, 여러 산업과 사람들의 협력이 필요한 분야이므로 앞으로 항공우주공학과의 성장 가능성도 높을 것으로 기대됩니다.","수학, 과학, 기술ㆍ가정","수학교과 : 수학ⅠㆍⅡ, 미적분, 확률과 통계<br>과학교과 : 물리학Ⅰ, 화학Ⅰ, 지구과학Ⅰ<br>기술ㆍ가정교과 : 기술ㆍ가정, 정보","기하, 수학과제 탐구, 물리학Ⅱ, 화학Ⅱ, 지구과학Ⅱ, 생활과 과학, 융합과학, 공학 일반",공학계열,이과계열
626,항공운항학과,"평소 주변에 있는 다양한 기계들을 작동시키는 것과 원리에 대해 흥미가 있으면 좋습니다. 항공과 관련된 다양한 이론과 실기를 배우는 학과이므로 수학, 영어, 과학 등의 과목을 잘하면 좋습니다.","항공운항학과는 항공기 운항을 위한 필수적인 이론인 항공법규, 항공운항 정보 및 절차, 항공안전, 공중항법 등도 배우지만, 조종실기교육인 자가용 조종사, 사업용 조종사, 계기비행증명 등도 공부해야 합니다. 이러한 이론과 실기 뿐만 아니라 승객 전체의 안전을 책임지는 인성을 갖추는 것을 기본으로 요구하고 있습니다. 최근에는 전세계적 감영병 유행에 따라 여행자가 줄어들면서 항공운항직의 수요에도 영향을 미치고 있습니다.","수학, 영어, 과학, 교양","수학ㆍ사회교과 : 수학ⅠㆍⅡ, 미적분, 확률과 통계, 정치와 법, <br>영어교과 : 영어ⅠㆍⅡ, 영어회화, 영어 독해와 작문<br>과학ㆍ교양교과 : 물리Ⅰ, 지구과학Ⅰ, 화학Ⅰ, 보건학, 논리학, 철학, 논술","물리학Ⅱ, 융합과학, 수학탐구 과제, 기하, 사회문제 탐구, 공학일반, 실용영어, 진로영어, 고전과 윤리, 여행지리",공학계열,이과계열
629,항해학과,"예상하지 못한 문제가 발생하거나 돌발 상황에 생겼을 때 당황하지 않고 나만의 방식으로 문제를 창의적으로 해결하는 것을 좋아하는 사람에게 유리합니다. 
바다 위 배안에서 여러 선원들과 함께 생활해야 하므로, 대인관계 능력, 협동심, 인내심. 참을성을 가진 사람에게 유리합니다.   ","항해학과 에서는 항해와 관련된 전문 인력을 양성합니다. 선박 전체를 지휘ㆍ통솔하고 관리하는 선장(Captain)과 선박의 안전한 운항을 담당하는 항해사(Officer), 항만에서 선박을 안전하게 입항 할 수 있도록 유도하는 도선사(Pilot) 등이 그 예라 할 수 있습니다.  ","수학, 과학, 기술ㆍ가정","수학교과 : 수학ⅠㆍⅡ, 미적분, 확률과 통계<br>과학교과 : 물리학Ⅰ, 화학Ⅰ, 지구과학Ⅰ<br>기술ㆍ가정교과 : 기술ㆍ가정, 정보","기하, 수학과제 탐구, ",공학계열,이과계열
631,해양공학과,"평소 바다에서 일어나는 자연현상이나 해양 생물과 환경에 관심이 많은 사람에게 유리합니다.
해양환경에 대한 이해, 해양ㆍ해저자원의 채취 및 탐사작업 등을 위한 논리력과 분석적 사고능력이 필요합니다.","해양공학과는 선박에 대한 기술 뿐만 아니라 해양환경 및 자원개발, 해양플랜트 기술등 해양환경을 이용한 공학기술 전반에 대해 다루는 학과로 해양시스템공학이나 항해학과와 차이가 있습니다. ","수학, 과학, 기술ㆍ가정","수학교과 : 수학ⅠㆍⅡ, 미적분, 확률과 통계<br>과학교과 : 물리학Ⅰ, 화학Ⅰ, 지구과학Ⅰ<br>기술ㆍ가정교과 : 기술ㆍ가정, 정보","기하, 수학과제 탐구, ",공학계열,이과계열
342,해양생명과학과,해저 환경과 수산물에 대한 호기심과 관심을 지니는 사람에게 추천할만 합니다. 생물을 끊임없이 연구하는 자세가 필요하며 생명 과목에 대한 기초적인 소양이 필요합니다. 생물에 관한 실험과 실습을 진행하거나 직접 수산물을 다루는 것에 대한 거부감이 없으면 도움이 됩니다. ,"지금까지 해양생물자원은 주로 생물자원 생산에 집중되었으나, 21세기 해양생물자원의 이용은 생명공학에 의한 신품종 개발과 해양생물로부터 신소재 및 신물질의 탐색 및 개발에 집중될 것으로 전망하고 있습니다. ","과학, 윤리, 교양, 수학","과학교과 : 화학Ⅰ, 생명과학Ⅰ<br>사회교과 : 생활과 윤리, 사회문화, 윤리와 사상<br>교양교과 : 환경, 보건학, 철학, 생활과 창의성, 논술","생명과학Ⅱ, 융합과학, 생활과 과학, 화학Ⅱ, 농업생명과학, 사회문제 탐구",자연계열,이과계열
634,해양시스템학과,"새로운 일에 도전하는 것을 두려워하지 않고 해양 조사, 탐지, 실험 등은 매우 반복적일 수 있는데 이러한 활동에도 지루해 하지 않는 성향을 가진 사람에게 유리합니다.  
해양환경 및 해양자원에 지식과 자원의 채취 및 탐사를 위한 논리적ㆍ분석적으로 생각하는 능력이 필요합니다.","해양시스템학과에서는 해양 플랜트, 해양 에너지 및 해양 환경 조사 분야, 선박 및 해양 구조물, 수중 로봇, 수중 음향 장치, 전자ㆍ통신 장비 등의 핵심 기술 개발을 위해 조선, 해양, 전자, 전기, IT, 통신, 음향 공학 등을 종합적으로 배웁니다.","수학, 과학, 기술ㆍ가정","수학교과 : 수학ⅠㆍⅡ, 미적분, 확률과 통계<br>과학교과 : 물리학Ⅰ, 화학Ⅰ, 지구과학Ⅰ<br>기술ㆍ가정교과 : 기술ㆍ가정, 정보","기하, 수학과제 탐구, ",공학계열,이과계열
635,해양자원학과,해저 생물에 대한 호기심과 관심을 지니는 사람에게 추천할 만 합니다. 생물을 끊임없이 연구하는 자세가 필요하며 생명 과목에 대한 기초적인 소양이 필요합니다. 생물에 관한 실험과 실습을 진행하거나 생물을 다루는 것에 대한 거부감이 없으면 도움이 됩니다. ,"우리나라가 삼면이 바다로 이루어진 만큼 해양자원에 대한 연구와 탐색이 중요할 것입니다. 유용한 해양 생물 자원의 발굴과 생산성 향상에 관심을 두고 있는 전공이며, 해조류, 플랑크톤, 어류 질병, 심층수 활용 등에 대해 학습할 수 있습니다.  ","과학, 교양, 사회, 수학","과학교과 : 생명과학Ⅰ, 화학Ⅰ<br>생활ㆍ교양교과 : 환경, 보건학, 논술, 생활과 창의성, 정보<br>사회교과 : 사회문화, 생활과 윤리, 정치와 법","생명과학Ⅱ, 융합과학, 생활과 과학, 화학Ⅱ, 농업생명과학, 고전과 윤리",자연계열,이과계열
10010,화장품과학과,"평소 다양한 화장품이나 관련 제품에 관심이 많고, 화학실험이나 분석, 화학원리, 물질의 변화에 흥미가 있는 사람에게 유리 합니다. 화학이나 과학과목을 잘하고 팀으로 업무나 실험 및 실습을 수행하는 경우도 많으므로 대인관계를 잘 할 수 있는 능력도 필요합니다.","우리나라 화장품 산업은 K-뷰티라는 명칭으로 전 세계적인 관심과 평가를 받으며 지속적인 성장을 하고 있는 분야입니다. 화장품과학과는 화장품 제조 및 생산, 화장품 제형개발, 화장품 품질관리, 제품 및 패키지 디자인, 화장품 마케팅, 화장품 효능 및 안정성 평가 등 화장품과 관련된 전반적인 이론과 실습을 배우는 학과입니다. ","수학, 사회, 과학, 기술ㆍ가정","수학교과 : 수학ⅠㆍⅡ, 미적분, 확률과 통계<br>사회교과 : 한국지리, 세계지리, 경제, 사회문화, 생활과 윤리<br>과학교과 : 물리학Ⅰ, 화학Ⅰ, 생명과학Ⅰ, 지구과학Ⅰ<br>기술ㆍ가정교과 : 기술ㆍ가정, 정보","실용수학, 기하, 경제수학, 수학과제 탐구, 물리학Ⅱ, 화학Ⅱ, 생명과학Ⅱ, 지구과학Ⅱ, 생활과 과학, 융합과학, 공학 일반, 사회문제 탐구",공학계열,이과계열
648,화학공학과,"평소 화학실험이나 분석, 화학원리에 관심이 있거나 물질의 변화에 흥미가 있는 사람에게 적합 합니다. 화학이나 과학과목을 잘하거나 팀으로 업무나 실험 및 실습을 수행하는 경우도 많아 대인관계능력도 필요합니다.","에너지 분야 소재, 센서소재 설계, 고분자 소재, 무기 및 유기 화학 물질 등 화학공학은 기본 분야로 대부분의 다른 공학 분야에도 널리 활용되고 있으며 응용 분야가 많습니다. 화학공학은 이미 개발된 화학물질과 반응을 이용해 제품을 대량생산하는 화학공정에 대해 배우고, 화학과는 화학 반응과 화학 물질에 대해 깊이 배우고 연구하는 것이 화학공학과와 화학과의 차이라 할 수 있습니다.","수학, 과학, 기술ㆍ가정","수학교과 : 수학Ⅰ, 수학Ⅱ, 미적분, 확률과 통계<br>과학교과 : 물리학Ⅰ, 화학Ⅰ<br>기술ㆍ가정교과 : 기술ㆍ가정, 정보","기하, 물리학Ⅱ, 화학Ⅱ, 공학 일반",공학계열,이과계열
649,화학과,"평소 자연 현상에 대해 호기심이 있고, 화학적 변화 원리에 관심이 있는 학생이라면 관심을 가져볼 만 합니다. 기초 과학 쪽에 적성이 있고, 특히 화학에 능력이 있다면 학과 공부에 도움이 됩니다. 문제에 대한 논리적인 분석력과 끈기 있는 자세를 갖추면 더욱 좋습니다. 연구직으로 활동할 경우에는 도전 정신이나 창의적인 아이디어도 크게 도움이 됩니다.","화학과는 신소재, 대체 에너지, 신약 개발, 나노 화학, 생명공학 기술 등 다양한 분야를 이끄는 자연과학의 중심 학문입니다. 화학과는 여러 분야와 연계되어 있는 만큼 취업 분야나 범위도 광범위합니다. ","과학, 수학, 교양, 영어","과학교과 : 화학Ⅰ, 생명과학Ⅰ, 물리Ⅰ, 지구과학Ⅰ<br>수학교과 : 수학Ⅰ, 수학Ⅱ, 미적분, 확률과 통계<br>교양교과 : 논리학, 환경, 논술, 보건학","화학Ⅱ, 융합과학, 과학사, 생활과 과학, 수학 과제 탐구, 기하, 생명과학Ⅱ",자연계열,이과계열
653,환경공학과,"평소 여러 자연과학 분야에 대한 흥미와 환경 보전에 대한 관심이 많다면 이 학과에 관심을 가져 볼 만합니다. 특히 화학을 비롯하여 기초과학 분야에 두루 적성이 있으면 이 학과 공부에 도움이 됩니다. 아울러 환경 분야의 현장에서 근무하고자 한다면 활동적인 것이 도움이 되고, 환경 연구에 근무하고자 하면 계속적인 실험ㆍ실습을 할 수 있는 끈기와 인내가 도움이 됩니다.",환경공학은 자연과학과 공학의 각종 지식과 기술이 융ㆍ복합적으로 요구되는 학문입니다. 따라서 여러 분야의 폭넓은 학습이 요구됩니다. 세계적으로 저탄소 녹색 성장이 중요해지고 우리나라도 발전함에 따라 앞으로 환경공학에 대한 관심도 높아지고 있습니다. ,"수학, 사회, 과학, 기술ㆍ가정","수학교과 : 수학ⅠㆍⅡ, 미적분, 확률과 통계<br>사회교과 : 한국지리, 세계지리, 경제, 사회문화<br>과학교과 : 물리학Ⅰ, 화학Ⅰ, 생명과학Ⅰ, 지구과학Ⅰ<br>기술ㆍ가정교과 : 기술ㆍ가정, 정보","실용수학, 기하, 수학과제 탐구, 물리학Ⅱ, 화학Ⅱ, 생명과학Ⅱ, 생활과 과학, 융합과학, 공학 일반, 사회문제 탐구",자연계열,이과계열
654,환경과학과,환경보호에 대한 관심을 지니고 있으며 몸소 실천하는 태도가 필요합니다. 환경오염의 원인을 파악하고 피해를 최소화하는 것이 필요하기 때문에 기초적인 과학지식과 공학적 사고 능력이 필요합니다. ,"환경과학과에서는 크게 수질 오염, 대기 오염, 폐기물 처리 등을 다루기 때문에 환경 오염을 둘러싼 측정, 모니터링, 평가, 정책 등의 일련의 주요 업무에 모두 연관된 중요한 학문이라고 볼 수 있습니다. ","수학, 사회, 과학, 기술ㆍ가정","수학교과 : 수학ⅠㆍⅡ, 미적분, 확률과 통계<br>사회교과 : 한국지리, 세계지리, 경제, 사회문화<br>과학교과 : 물리학Ⅰ, 화학Ⅰ, 생명과학Ⅰ, 지구과학Ⅰ<br>기술ㆍ가정교과 : 기술ㆍ가정, 정보","실용수학, 기하, 수학과제 탐구, 물리학Ⅱ, 화학Ⅱ, 생명과학Ⅱ, 생활과 과학, 융합과학, 공학 일반, 사회문제 탐구",자연계열,이과계열
658,환경보건학과,"환경과 자연, 건강 등에 대해 관심을 가지고 있으며, 환경오염의 원인을 분석하거나 해결방법을 찾기 위한 분석 능력이 있으면 좋습니다. 화학, 물리학 등의 자연과학 분야를 포함하여 응용 범위가 넓기 때문에 환경학 전반에 대한 폭넓은 시야가 필요합니다.",날로 심각해지고 있는 생활환경 및 산업환경의 환경오염은 국민들의 건강과 생명을 위협하고 있습니다. 환경오염 실태 파악과 환경 관리에 대한 대책에 대한 연구가 지속적으로 이루어져야 하므로 환경보건학 분야의 전문가들이 필요한 실정입니다. 전 세계적으로 환경 보전과 사람들의 건강한 삶을 중시함에 따라 중요성이 대두되고 있는 분야 중 하나입니다. ,"영어, 수학, 과학, 정보","영어교과 : 영어Ⅰ, 영어Ⅱ, 영어 독해와 작문<br>수학교과 : 수학Ⅰ, 수학Ⅱ, 미적분, 확률과 통계<br>과학교과 : 화학Ⅰ, 생명과학Ⅰ<br>기술ㆍ가정교과 : 정보","화학Ⅱ, 생명과학Ⅱ. 지식 재산 일반",의약계열,이과계열
661,환경화학과,"자연환경, 환경오염, 기후변화 등 환경변화에 대한 관심이 많고 이러한 문제들을 해결하기 위한 다양한 방법을 찾아보고 알아보는 것을 좋아하는 사람에게 유리합니다. 환경화학은 환경문제의 원인을 화학지식을 기반으로 찾아내고 이를 창의적으로 해결할 수 있는 분석적인 사고능력과 측정과 통계에 대한 지식을 가지고 있는 사람에게 적합합니다. ","환경화학은 화학공학과 관련된 주요 이론과 함께 미세먼지나 대기오염, 수질오염 및 수처리 기술 등 환경공학에 관련된 부분을 모두 배우는 학과로 화학공학과와는 차이가 있습니다. 최근 스마트 센서 등을 이용해 환경 정보를 측정하고 수집된 데이터를 활용해 오염의 원인을 분석하고 문제를 해결하기 위한 기술을 개발하고 있습니다. ","수학, 과학, 기술ㆍ가정","수학교과 : 수학Ⅰ, 수학Ⅱ, 미적분, 확률과 통계<br>과학교과 : 물리학Ⅰ, 화학Ⅰ<br>기술ㆍ가정교과 : 기술ㆍ가정, 정보","기하, 물리학Ⅱ, 화학Ⅱ, 공학 일반",공학계열,이과계열
21001,IT융합학과,"IT분야, 컴퓨터, 새로운 기술, 4차 산업혁명 관련 기술에 관심이 있고 좋아하는 사람에게 유리합니다. IT융학학은 IT와 관련된 다양한 분야에 대해 배우게 되는데, 수학, 기술, 과학 과목을 잘하고, 어떠한 현상에 대해 논리적으로 생각하고 새로운 방법을 찾아 문제 해결을 할 수 있는 창의적인 사고를 할 수 있는 능력이 필요합니다. ","인터넷으로 연결되지 않은 것이 없고, 컴퓨터를 활용하지 않은 분야가 없을 정도로 IT와 정보통신 기술은 핵심적인 기술이 되었습니다. 인공지능과 빅데이터, 자율주행자동차, 드론, 가상현실과 증강현실, 바이오 생명공학, 클라우드 컴퓨팅 기술은 빠르게 발전하고 있는 만큼 IT기술에 대한 지식은 공학분야의 필수요소가 되었습니다. 앞으로도 IT융합 학문은 꾸준히 성장하고 점차 중요성이 커질 것으로 예상 됩니다. ","수학, 과학, 기술ㆍ가정","수학교과 : 수학ⅠㆍⅡ, 미적분, 확률과 통계<br>과학교과 : 물리학Ⅰ, 화학Ⅰ<br>기술ㆍ가정교과 : 기술ㆍ가정, 정보","실용수학, 기하, 수학과제 탐구, 물리학Ⅱ, 화학Ⅱ, 생활과 과학, 공학 일반",공학계열,이과계열
